Date,Mean_Gauge,filename
01/06/01,2.28,Inundation Boundary (01JUN2001 00 00 00 Value_0).tif
02/06/01,2.27,Inundation Boundary (02JUN2001 00 00 00 Value_0).tif
03/06/01,2.27,Inundation Boundary (03JUN2001 00 00 00 Value_0).tif
04/06/01,2.25,Inundation Boundary (04JUN2001 00 00 00 Value_0).tif
05/06/01,2.26,Inundation Boundary (05JUN2001 00 00 00 Value_0).tif
06/06/01,2.3,Inundation Boundary (06JUN2001 00 00 00 Value_0).tif
07/06/01,2.33,Inundation Boundary (07JUN2001 00 00 00 Value_0).tif
08/06/01,2.3,Inundation Boundary (08JUN2001 00 00 00 Value_0).tif
09/06/01,2.35,Inundation Boundary (09JUN2001 00 00 00 Value_0).tif
10/06/01,2.71,Inundation Boundary (10JUN2001 00 00 00 Value_0).tif
11/06/01,2.66,Inundation Boundary (11JUN2001 00 00 00 Value_0).tif
12/06/01,2.58,Inundation Boundary (12JUN2001 00 00 00 Value_0).tif
13/06/01,2.6,Inundation Boundary (13JUN2001 00 00 00 Value_0).tif
14/06/01,2.71,Inundation Boundary (14JUN2001 00 00 00 Value_0).tif
15/06/01,2.975,Inundation Boundary (15JUN2001 00 00 00 Value_0).tif
16/06/01,3.02,Inundation Boundary (16JUN2001 00 00 00 Value_0).tif
17/06/01,3.24,Inundation Boundary (17JUN2001 00 00 00 Value_0).tif
18/06/01,3.165,Inundation Boundary (18JUN2001 00 00 00 Value_0).tif
19/06/01,3.29,Inundation Boundary (19JUN2001 00 00 00 Value_0).tif
20/06/01,4.02,Inundation Boundary (20JUN2001 00 00 00 Value_0).tif
21/06/01,4.215,Inundation Boundary (21JUN2001 00 00 00 Value_0).tif
22/06/01,3.605,Inundation Boundary (22JUN2001 00 00 00 Value_0).tif
23/06/01,3.26,Inundation Boundary (23JUN2001 00 00 00 Value_0).tif
24/06/01,3.14,Inundation Boundary (24JUN2001 00 00 00 Value_0).tif
25/06/01,3.04,Inundation Boundary (25JUN2001 00 00 00 Value_0).tif
26/06/01,2.96,Inundation Boundary (26JUN2001 00 00 00 Value_0).tif
27/06/01,2.98,Inundation Boundary (27JUN2001 00 00 00 Value_0).tif
28/06/01,3,Inundation Boundary (28JUN2001 00 00 00 Value_0).tif
29/06/01,2.92,Inundation Boundary (29JUN2001 00 00 00 Value_0).tif
30/06/01,2.9,Inundation Boundary (30JUN2001 00 00 00 Value_0).tif
01/07/01,3.05,Inundation Boundary (01JUL2001 00 00 00 Value_0).tif
02/07/01,3.165,Inundation Boundary (02JUL2001 00 00 00 Value_0).tif
03/07/01,3.11,Inundation Boundary (03JUL2001 00 00 00 Value_0).tif
04/07/01,3.14,Inundation Boundary (04JUL2001 00 00 00 Value_0).tif
05/07/01,3.075,Inundation Boundary (05JUL2001 00 00 00 Value_0).tif
06/07/01,3.02,Inundation Boundary (06JUL2001 00 00 00 Value_0).tif
07/07/01,2.97,Inundation Boundary (07JUL2001 00 00 00 Value_0).tif
08/07/01,2.95,Inundation Boundary (08JUL2001 00 00 00 Value_0).tif
09/07/01,3.06,Inundation Boundary (09JUL2001 00 00 00 Value_0).tif
10/07/01,5.22,Inundation Boundary (10JUL2001 00 00 00 Value_0).tif
11/07/01,6.32,Inundation Boundary (11JUL2001 00 00 00 Value_0).tif
12/07/01,4.855,Inundation Boundary (12JUL2001 00 00 00 Value_0).tif
13/07/01,4.21,Inundation Boundary (13JUL2001 00 00 00 Value_0).tif
14/07/01,3.845,Inundation Boundary (14JUL2001 00 00 00 Value_0).tif
15/07/01,3.83,Inundation Boundary (15JUL2001 00 00 00 Value_0).tif
16/07/01,8.19,Inundation Boundary (16JUL2001 00 00 00 Value_0).tif
17/07/01,7.09,Inundation Boundary (17JUL2001 00 00 00 Value_0).tif
18/07/01,5.805,Inundation Boundary (18JUL2001 00 00 00 Value_0).tif
19/07/01,5.46,Inundation Boundary (19JUL2001 00 00 00 Value_0).tif
20/07/01,6.185,Inundation Boundary (20JUL2001 00 00 00 Value_0).tif
21/07/01,7.01,Inundation Boundary (21JUL2001 00 00 00 Value_0).tif
22/07/01,5.93,Inundation Boundary (22JUL2001 00 00 00 Value_0).tif
23/07/01,5.84,Inundation Boundary (23JUL2001 00 00 00 Value_0).tif
24/07/01,5.645,Inundation Boundary (24JUL2001 00 00 00 Value_0).tif
25/07/01,5.56,Inundation Boundary (25JUL2001 00 00 00 Value_0).tif
26/07/01,6.19,Inundation Boundary (26JUL2001 00 00 00 Value_0).tif
27/07/01,4.78,Inundation Boundary (27JUL2001 00 00 00 Value_0).tif
28/07/01,4.465,Inundation Boundary (28JUL2001 00 00 00 Value_0).tif
29/07/01,4.37,Inundation Boundary (29JUL2001 00 00 00 Value_0).tif
30/07/01,5.16,Inundation Boundary (30JUL2001 00 00 00 Value_0).tif
31/07/01,5.085,Inundation Boundary (31JUL2001 00 00 00 Value_0).tif
01/08/01,4.305,Inundation Boundary (01AUG2001 00 00 00 Value_0).tif
02/08/01,3.66,Inundation Boundary (02AUG2001 00 00 00 Value_0).tif
03/08/01,3.445,Inundation Boundary (03AUG2001 00 00 00 Value_0).tif
04/08/01,3.37,Inundation Boundary (04AUG2001 00 00 00 Value_0).tif
05/08/01,3.36,Inundation Boundary (05AUG2001 00 00 00 Value_0).tif
06/08/01,3.48,Inundation Boundary (06AUG2001 00 00 00 Value_0).tif
07/08/01,3.57,Inundation Boundary (07AUG2001 00 00 00 Value_0).tif
08/08/01,3.35,Inundation Boundary (08AUG2001 00 00 00 Value_0).tif
09/08/01,3.41,Inundation Boundary (09AUG2001 00 00 00 Value_0).tif
10/08/01,3.485,Inundation Boundary (10AUG2001 00 00 00 Value_0).tif
11/08/01,4.63,Inundation Boundary (11AUG2001 00 00 00 Value_0).tif
12/08/01,4.53,Inundation Boundary (12AUG2001 00 00 00 Value_0).tif
13/08/01,3.975,Inundation Boundary (13AUG2001 00 00 00 Value_0).tif
14/08/01,3.96,Inundation Boundary (14AUG2001 00 00 00 Value_0).tif
15/08/01,4.6,Inundation Boundary (15AUG2001 00 00 00 Value_0).tif
16/08/01,7.19,Inundation Boundary (16AUG2001 00 00 00 Value_0).tif
17/08/01,6.6,Inundation Boundary (17AUG2001 00 00 00 Value_0).tif
18/08/01,6.985,Inundation Boundary (18AUG2001 00 00 00 Value_0).tif
19/08/01,6.52,Inundation Boundary (19AUG2001 00 00 00 Value_0).tif
20/08/01,5.64,Inundation Boundary (20AUG2001 00 00 00 Value_0).tif
21/08/01,5.155,Inundation Boundary (21AUG2001 00 00 00 Value_0).tif
22/08/01,4.48,Inundation Boundary (22AUG2001 00 00 00 Value_0).tif
23/08/01,5.505,Inundation Boundary (23AUG2001 00 00 00 Value_0).tif
24/08/01,5.86,Inundation Boundary (24AUG2001 00 00 00 Value_0).tif
25/08/01,5.22,Inundation Boundary (25AUG2001 00 00 00 Value_0).tif
26/08/01,5.17,Inundation Boundary (26AUG2001 00 00 00 Value_0).tif
27/08/01,5.23,Inundation Boundary (27AUG2001 00 00 00 Value_0).tif
28/08/01,5.64,Inundation Boundary (28AUG2001 00 00 00 Value_0).tif
29/08/01,5.545,Inundation Boundary (29AUG2001 00 00 00 Value_0).tif
30/08/01,5,Inundation Boundary (30AUG2001 00 00 00 Value_0).tif
31/08/01,4,Inundation Boundary (31AUG2001 00 00 00 Value_0).tif
01/09/01,3.74,Inundation Boundary (01SEP2001 00 00 00 Value_0).tif
02/09/01,3.62,Inundation Boundary (02SEP2001 00 00 00 Value_0).tif
03/09/01,3.8,Inundation Boundary (03SEP2001 00 00 00 Value_0).tif
04/09/01,3.94,Inundation Boundary (04SEP2001 00 00 00 Value_0).tif
05/09/01,3.87,Inundation Boundary (05SEP2001 00 00 00 Value_0).tif
06/09/01,3.735,Inundation Boundary (06SEP2001 00 00 00 Value_0).tif
07/09/01,3.56,Inundation Boundary (07SEP2001 00 00 00 Value_0).tif
08/09/01,3.48,Inundation Boundary (08SEP2001 00 00 00 Value_0).tif
09/09/01,3.43,Inundation Boundary (09SEP2001 00 00 00 Value_0).tif
10/09/01,3.39,Inundation Boundary (10SEP2001 00 00 00 Value_0).tif
11/09/01,3.36,Inundation Boundary (11SEP2001 00 00 00 Value_0).tif
12/09/01,3.34,Inundation Boundary (12SEP2001 00 00 00 Value_0).tif
13/09/01,3.3,Inundation Boundary (13SEP2001 00 00 00 Value_0).tif
14/09/01,3.2,Inundation Boundary (14SEP2001 00 00 00 Value_0).tif
15/09/01,3.2,Inundation Boundary (15SEP2001 00 00 00 Value_0).tif
16/09/01,3.17,Inundation Boundary (16SEP2001 00 00 00 Value_0).tif
17/09/01,3.15,Inundation Boundary (17SEP2001 00 00 00 Value_0).tif
18/09/01,3.13,Inundation Boundary (18SEP2001 00 00 00 Value_0).tif
19/09/01,3.13,Inundation Boundary (19SEP2001 00 00 00 Value_0).tif
20/09/01,3.12,Inundation Boundary (20SEP2001 00 00 00 Value_0).tif
21/09/01,3.11,Inundation Boundary (21SEP2001 00 00 00 Value_0).tif
22/09/01,3.09,Inundation Boundary (22SEP2001 00 00 00 Value_0).tif
23/09/01,3.07,Inundation Boundary (23SEP2001 00 00 00 Value_0).tif
24/09/01,3.06,Inundation Boundary (24SEP2001 00 00 00 Value_0).tif
25/09/01,3.05,Inundation Boundary (25SEP2001 00 00 00 Value_0).tif
26/09/01,3.05,Inundation Boundary (26SEP2001 00 00 00 Value_0).tif
27/09/01,3.05,Inundation Boundary (27SEP2001 00 00 00 Value_0).tif
28/09/01,3.04,Inundation Boundary (28SEP2001 00 00 00 Value_0).tif
29/09/01,3.04,Inundation Boundary (29SEP2001 00 00 00 Value_0).tif
30/09/01,3.04,Inundation Boundary (30SEP2001 00 00 00 Value_0).tif
01/06/02,2.38,Inundation Boundary (01JUN2002 00 00 00 Value_0).tif
02/06/02,2.36,Inundation Boundary (02JUN2002 00 00 00 Value_0).tif
03/06/02,2.38,Inundation Boundary (03JUN2002 00 00 00 Value_0).tif
04/06/02,2.43,Inundation Boundary (04JUN2002 00 00 00 Value_0).tif
05/06/02,2.42,Inundation Boundary (05JUN2002 00 00 00 Value_0).tif
06/06/02,2.44,Inundation Boundary (06JUN2002 00 00 00 Value_0).tif
07/06/02,2.3,Inundation Boundary (07JUN2002 00 00 00 Value_0).tif
08/06/02,2.3,Inundation Boundary (08JUN2002 00 00 00 Value_0).tif
09/06/02,2.3,Inundation Boundary (09JUN2002 00 00 00 Value_0).tif
10/06/02,2.43,Inundation Boundary (10JUN2002 00 00 00 Value_0).tif
11/06/02,2.49,Inundation Boundary (11JUN2002 00 00 00 Value_0).tif
12/06/02,2.47,Inundation Boundary (12JUN2002 00 00 00 Value_0).tif
13/06/02,2.48,Inundation Boundary (13JUN2002 00 00 00 Value_0).tif
14/06/02,2.52,Inundation Boundary (14JUN2002 00 00 00 Value_0).tif
15/06/02,2.725,Inundation Boundary (15JUN2002 00 00 00 Value_0).tif
16/06/02,2.76,Inundation Boundary (16JUN2002 00 00 00 Value_0).tif
17/06/02,2.58,Inundation Boundary (17JUN2002 00 00 00 Value_0).tif
18/06/02,2.49,Inundation Boundary (18JUN2002 00 00 00 Value_0).tif
19/06/02,2.46,Inundation Boundary (19JUN2002 00 00 00 Value_0).tif
20/06/02,2.42,Inundation Boundary (20JUN2002 00 00 00 Value_0).tif
21/06/02,2.35,Inundation Boundary (21JUN2002 00 00 00 Value_0).tif
22/06/02,2.32,Inundation Boundary (22JUN2002 00 00 00 Value_0).tif
23/06/02,2.36,Inundation Boundary (23JUN2002 00 00 00 Value_0).tif
24/06/02,2.59,Inundation Boundary (24JUN2002 00 00 00 Value_0).tif
25/06/02,2.88,Inundation Boundary (25JUN2002 00 00 00 Value_0).tif
26/06/02,2.55,Inundation Boundary (26JUN2002 00 00 00 Value_0).tif
27/06/02,2.57,Inundation Boundary (27JUN2002 00 00 00 Value_0).tif
28/06/02,2.64,Inundation Boundary (28JUN2002 00 00 00 Value_0).tif
29/06/02,2.55,Inundation Boundary (29JUN2002 00 00 00 Value_0).tif
30/06/02,2.49,Inundation Boundary (30JUN2002 00 00 00 Value_0).tif
01/07/02,2.45,Inundation Boundary (01JUL2002 00 00 00 Value_0).tif
02/07/02,2.41,Inundation Boundary (02JUL2002 00 00 00 Value_0).tif
03/07/02,2.38,Inundation Boundary (03JUL2002 00 00 00 Value_0).tif
04/07/02,2.36,Inundation Boundary (04JUL2002 00 00 00 Value_0).tif
05/07/02,2.39,Inundation Boundary (05JUL2002 00 00 00 Value_0).tif
06/07/02,2.4,Inundation Boundary (06JUL2002 00 00 00 Value_0).tif
07/07/02,2.42,Inundation Boundary (07JUL2002 00 00 00 Value_0).tif
08/07/02,2.42,Inundation Boundary (08JUL2002 00 00 00 Value_0).tif
09/07/02,2.42,Inundation Boundary (09JUL2002 00 00 00 Value_0).tif
10/07/02,2.42,Inundation Boundary (10JUL2002 00 00 00 Value_0).tif
11/07/02,2.44,Inundation Boundary (11JUL2002 00 00 00 Value_0).tif
12/07/02,2.45,Inundation Boundary (12JUL2002 00 00 00 Value_0).tif
13/07/02,2.46,Inundation Boundary (13JUL2002 00 00 00 Value_0).tif
14/07/02,2.47,Inundation Boundary (14JUL2002 00 00 00 Value_0).tif
15/07/02,2.48,Inundation Boundary (15JUL2002 00 00 00 Value_0).tif
16/07/02,2.53,Inundation Boundary (16JUL2002 00 00 00 Value_0).tif
17/07/02,2.55,Inundation Boundary (17JUL2002 00 00 00 Value_0).tif
18/07/02,2.63,Inundation Boundary (18JUL2002 00 00 00 Value_0).tif
19/07/02,2.71,Inundation Boundary (19JUL2002 00 00 00 Value_0).tif
20/07/02,2.65,Inundation Boundary (20JUL2002 00 00 00 Value_0).tif
21/07/02,2.77,Inundation Boundary (21JUL2002 00 00 00 Value_0).tif
22/07/02,2.89,Inundation Boundary (22JUL2002 00 00 00 Value_0).tif
23/07/02,2.79,Inundation Boundary (23JUL2002 00 00 00 Value_0).tif
24/07/02,2.66,Inundation Boundary (24JUL2002 00 00 00 Value_0).tif
25/07/02,2.59,Inundation Boundary (25JUL2002 00 00 00 Value_0).tif
26/07/02,2.53,Inundation Boundary (26JUL2002 00 00 00 Value_0).tif
27/07/02,2.49,Inundation Boundary (27JUL2002 00 00 00 Value_0).tif
28/07/02,2.48,Inundation Boundary (28JUL2002 00 00 00 Value_0).tif
29/07/02,2.49,Inundation Boundary (29JUL2002 00 00 00 Value_0).tif
30/07/02,2.49,Inundation Boundary (30JUL2002 00 00 00 Value_0).tif
31/07/02,2.5,Inundation Boundary (31JUL2002 00 00 00 Value_0).tif
01/08/02,2.59,Inundation Boundary (01AUG2002 00 00 00 Value_0).tif
02/08/02,2.69,Inundation Boundary (02AUG2002 00 00 00 Value_0).tif
03/08/02,2.94,Inundation Boundary (03AUG2002 00 00 00 Value_0).tif
04/08/02,3.12,Inundation Boundary (04AUG2002 00 00 00 Value_0).tif
05/08/02,3.85,Inundation Boundary (05AUG2002 00 00 00 Value_0).tif
06/08/02,3.475,Inundation Boundary (06AUG2002 00 00 00 Value_0).tif
07/08/02,3.465,Inundation Boundary (07AUG2002 00 00 00 Value_0).tif
08/08/02,3.515,Inundation Boundary (08AUG2002 00 00 00 Value_0).tif
09/08/02,3.545,Inundation Boundary (09AUG2002 00 00 00 Value_0).tif
10/08/02,3.14,Inundation Boundary (10AUG2002 00 00 00 Value_0).tif
11/08/02,2.85,Inundation Boundary (11AUG2002 00 00 00 Value_0).tif
12/08/02,2.77,Inundation Boundary (12AUG2002 00 00 00 Value_0).tif
13/08/02,2.7,Inundation Boundary (13AUG2002 00 00 00 Value_0).tif
14/08/02,2.77,Inundation Boundary (14AUG2002 00 00 00 Value_0).tif
15/08/02,2.73,Inundation Boundary (15AUG2002 00 00 00 Value_0).tif
16/08/02,3.97,Inundation Boundary (16AUG2002 00 00 00 Value_0).tif
17/08/02,4.42,Inundation Boundary (17AUG2002 00 00 00 Value_0).tif
18/08/02,4.95,Inundation Boundary (18AUG2002 00 00 00 Value_0).tif
19/08/02,12.2,Inundation Boundary (19AUG2002 00 00 00 Value_0).tif
20/08/02,11.2,Inundation Boundary (20AUG2002 00 00 00 Value_0).tif
21/08/02,7.935,Inundation Boundary (21AUG2002 00 00 00 Value_0).tif
22/08/02,6.16,Inundation Boundary (22AUG2002 00 00 00 Value_0).tif
23/08/02,5.53,Inundation Boundary (23AUG2002 00 00 00 Value_0).tif
24/08/02,5.23,Inundation Boundary (24AUG2002 00 00 00 Value_0).tif
25/08/02,5.91,Inundation Boundary (25AUG2002 00 00 00 Value_0).tif
26/08/02,4.92,Inundation Boundary (26AUG2002 00 00 00 Value_0).tif
27/08/02,4.29,Inundation Boundary (27AUG2002 00 00 00 Value_0).tif
28/08/02,3.98,Inundation Boundary (28AUG2002 00 00 00 Value_0).tif
29/08/02,4.17,Inundation Boundary (29AUG2002 00 00 00 Value_0).tif
30/08/02,7.68,Inundation Boundary (30AUG2002 00 00 00 Value_0).tif
31/08/02,8.035,Inundation Boundary (31AUG2002 00 00 00 Value_0).tif
01/09/02,5.78,Inundation Boundary (01SEP2002 00 00 00 Value_0).tif
02/09/02,5.97,Inundation Boundary (02SEP2002 00 00 00 Value_0).tif
03/09/02,5.295,Inundation Boundary (03SEP2002 00 00 00 Value_0).tif
04/09/02,5.775,Inundation Boundary (04SEP2002 00 00 00 Value_0).tif
05/09/02,5.37,Inundation Boundary (05SEP2002 00 00 00 Value_0).tif
06/09/02,7.55,Inundation Boundary (06SEP2002 00 00 00 Value_0).tif
07/09/02,7.84,Inundation Boundary (07SEP2002 00 00 00 Value_0).tif
08/09/02,6.7,Inundation Boundary (08SEP2002 00 00 00 Value_0).tif
09/09/02,6.035,Inundation Boundary (09SEP2002 00 00 00 Value_0).tif
10/09/02,6.02,Inundation Boundary (10SEP2002 00 00 00 Value_0).tif
11/09/02,5.75,Inundation Boundary (11SEP2002 00 00 00 Value_0).tif
12/09/02,5.27,Inundation Boundary (12SEP2002 00 00 00 Value_0).tif
13/09/02,5.695,Inundation Boundary (13SEP2002 00 00 00 Value_0).tif
14/09/02,4.96,Inundation Boundary (14SEP2002 00 00 00 Value_0).tif
15/09/02,4.66,Inundation Boundary (15SEP2002 00 00 00 Value_0).tif
16/09/02,4.39,Inundation Boundary (16SEP2002 00 00 00 Value_0).tif
17/09/02,4.16,Inundation Boundary (17SEP2002 00 00 00 Value_0).tif
18/09/02,3.95,Inundation Boundary (18SEP2002 00 00 00 Value_0).tif
19/09/02,3.78,Inundation Boundary (19SEP2002 00 00 00 Value_0).tif
20/09/02,3.795,Inundation Boundary (20SEP2002 00 00 00 Value_0).tif
21/09/02,3.72,Inundation Boundary (21SEP2002 00 00 00 Value_0).tif
22/09/02,3.52,Inundation Boundary (22SEP2002 00 00 00 Value_0).tif
23/09/02,3.405,Inundation Boundary (23SEP2002 00 00 00 Value_0).tif
24/09/02,3.36,Inundation Boundary (24SEP2002 00 00 00 Value_0).tif
25/09/02,3.33,Inundation Boundary (25SEP2002 00 00 00 Value_0).tif
26/09/02,3.31,Inundation Boundary (26SEP2002 00 00 00 Value_0).tif
27/09/02,3.27,Inundation Boundary (27SEP2002 00 00 00 Value_0).tif
28/09/02,3.23,Inundation Boundary (28SEP2002 00 00 00 Value_0).tif
29/09/02,3.21,Inundation Boundary (29SEP2002 00 00 00 Value_0).tif
30/09/02,3.18,Inundation Boundary (30SEP2002 00 00 00 Value_0).tif
01/06/03,2.47,Inundation Boundary (01JUN2003 00 00 00 Value_0).tif
02/06/03,2.5,Inundation Boundary (02JUN2003 00 00 00 Value_0).tif
03/06/03,2.52,Inundation Boundary (03JUN2003 00 00 00 Value_0).tif
04/06/03,2.49,Inundation Boundary (04JUN2003 00 00 00 Value_0).tif
05/06/03,2.47,Inundation Boundary (05JUN2003 00 00 00 Value_0).tif
06/06/03,2.45,Inundation Boundary (06JUN2003 00 00 00 Value_0).tif
07/06/03,2.47,Inundation Boundary (07JUN2003 00 00 00 Value_0).tif
08/06/03,2.48,Inundation Boundary (08JUN2003 00 00 00 Value_0).tif
09/06/03,2.45,Inundation Boundary (09JUN2003 00 00 00 Value_0).tif
10/06/03,2.47,Inundation Boundary (10JUN2003 00 00 00 Value_0).tif
11/06/03,2.57,Inundation Boundary (11JUN2003 00 00 00 Value_0).tif
12/06/03,2.58,Inundation Boundary (12JUN2003 00 00 00 Value_0).tif
13/06/03,2.59,Inundation Boundary (13JUN2003 00 00 00 Value_0).tif
14/06/03,2.6,Inundation Boundary (14JUN2003 00 00 00 Value_0).tif
15/06/03,2.68,Inundation Boundary (15JUN2003 00 00 00 Value_0).tif
16/06/03,2.58,Inundation Boundary (16JUN2003 00 00 00 Value_0).tif
17/06/03,2.52,Inundation Boundary (17JUN2003 00 00 00 Value_0).tif
18/06/03,2.51,Inundation Boundary (18JUN2003 00 00 00 Value_0).tif
19/06/03,2.52,Inundation Boundary (19JUN2003 00 00 00 Value_0).tif
20/06/03,2.52,Inundation Boundary (20JUN2003 00 00 00 Value_0).tif
21/06/03,2.52,Inundation Boundary (21JUN2003 00 00 00 Value_0).tif
22/06/03,2.59,Inundation Boundary (22JUN2003 00 00 00 Value_0).tif
23/06/03,2.55,Inundation Boundary (23JUN2003 00 00 00 Value_0).tif
24/06/03,2.52,Inundation Boundary (24JUN2003 00 00 00 Value_0).tif
25/06/03,2.56,Inundation Boundary (25JUN2003 00 00 00 Value_0).tif
26/06/03,2.765,Inundation Boundary (26JUN2003 00 00 00 Value_0).tif
27/06/03,3.215,Inundation Boundary (27JUN2003 00 00 00 Value_0).tif
28/06/03,3.245,Inundation Boundary (28JUN2003 00 00 00 Value_0).tif
29/06/03,3.07,Inundation Boundary (29JUN2003 00 00 00 Value_0).tif
30/06/03,2.97,Inundation Boundary (30JUN2003 00 00 00 Value_0).tif
01/07/03,3.585,Inundation Boundary (01JUL2003 00 00 00 Value_0).tif
02/07/03,4.785,Inundation Boundary (02JUL2003 00 00 00 Value_0).tif
03/07/03,4.47,Inundation Boundary (03JUL2003 00 00 00 Value_0).tif
04/07/03,3.925,Inundation Boundary (04JUL2003 00 00 00 Value_0).tif
05/07/03,3.72,Inundation Boundary (05JUL2003 00 00 00 Value_0).tif
06/07/03,3.5,Inundation Boundary (06JUL2003 00 00 00 Value_0).tif
07/07/03,4.6,Inundation Boundary (07JUL2003 00 00 00 Value_0).tif
08/07/03,3.935,Inundation Boundary (08JUL2003 00 00 00 Value_0).tif
09/07/03,3.46,Inundation Boundary (09JUL2003 00 00 00 Value_0).tif
10/07/03,3.505,Inundation Boundary (10JUL2003 00 00 00 Value_0).tif
11/07/03,3.265,Inundation Boundary (11JUL2003 00 00 00 Value_0).tif
12/07/03,3.305,Inundation Boundary (12JUL2003 00 00 00 Value_0).tif
13/07/03,3.21,Inundation Boundary (13JUL2003 00 00 00 Value_0).tif
14/07/03,3.1,Inundation Boundary (14JUL2003 00 00 00 Value_0).tif
15/07/03,3.145,Inundation Boundary (15JUL2003 00 00 00 Value_0).tif
16/07/03,4.03,Inundation Boundary (16JUL2003 00 00 00 Value_0).tif
17/07/03,3.87,Inundation Boundary (17JUL2003 00 00 00 Value_0).tif
18/07/03,3.54,Inundation Boundary (18JUL2003 00 00 00 Value_0).tif
19/07/03,3.45,Inundation Boundary (19JUL2003 00 00 00 Value_0).tif
20/07/03,3.44,Inundation Boundary (20JUL2003 00 00 00 Value_0).tif
21/07/03,4.11,Inundation Boundary (21JUL2003 00 00 00 Value_0).tif
22/07/03,3.835,Inundation Boundary (22JUL2003 00 00 00 Value_0).tif
23/07/03,3.94,Inundation Boundary (23JUL2003 00 00 00 Value_0).tif
24/07/03,4.225,Inundation Boundary (24JUL2003 00 00 00 Value_0).tif
25/07/03,6.145,Inundation Boundary (25JUL2003 00 00 00 Value_0).tif
26/07/03,6.66,Inundation Boundary (26JUL2003 00 00 00 Value_0).tif
27/07/03,7.92,Inundation Boundary (27JUL2003 00 00 00 Value_0).tif
28/07/03,10.7,Inundation Boundary (28JUL2003 00 00 00 Value_0).tif
29/07/03,6.275,Inundation Boundary (29JUL2003 00 00 00 Value_0).tif
30/07/03,4.755,Inundation Boundary (30JUL2003 00 00 00 Value_0).tif
31/07/03,4.215,Inundation Boundary (31JUL2003 00 00 00 Value_0).tif
01/08/03,3.915,Inundation Boundary (01AUG2003 00 00 00 Value_0).tif
02/08/03,3.745,Inundation Boundary (02AUG2003 00 00 00 Value_0).tif
03/08/03,3.62,Inundation Boundary (03AUG2003 00 00 00 Value_0).tif
04/08/03,3.78,Inundation Boundary (04AUG2003 00 00 00 Value_0).tif
05/08/03,3.89,Inundation Boundary (05AUG2003 00 00 00 Value_0).tif
06/08/03,3.705,Inundation Boundary (06AUG2003 00 00 00 Value_0).tif
07/08/03,3.735,Inundation Boundary (07AUG2003 00 00 00 Value_0).tif
08/08/03,3.855,Inundation Boundary (08AUG2003 00 00 00 Value_0).tif
09/08/03,3.86,Inundation Boundary (09AUG2003 00 00 00 Value_0).tif
10/08/03,3.95,Inundation Boundary (10AUG2003 00 00 00 Value_0).tif
11/08/03,4.21,Inundation Boundary (11AUG2003 00 00 00 Value_0).tif
12/08/03,4.53,Inundation Boundary (12AUG2003 00 00 00 Value_0).tif
13/08/03,4.72,Inundation Boundary (13AUG2003 00 00 00 Value_0).tif
14/08/03,4.645,Inundation Boundary (14AUG2003 00 00 00 Value_0).tif
15/08/03,5.23,Inundation Boundary (15AUG2003 00 00 00 Value_0).tif
16/08/03,5.95,Inundation Boundary (16AUG2003 00 00 00 Value_0).tif
17/08/03,6.48,Inundation Boundary (17AUG2003 00 00 00 Value_0).tif
18/08/03,6.365,Inundation Boundary (18AUG2003 00 00 00 Value_0).tif
19/08/03,6.105,Inundation Boundary (19AUG2003 00 00 00 Value_0).tif
20/08/03,5.175,Inundation Boundary (20AUG2003 00 00 00 Value_0).tif
21/08/03,4.505,Inundation Boundary (21AUG2003 00 00 00 Value_0).tif
22/08/03,4.19,Inundation Boundary (22AUG2003 00 00 00 Value_0).tif
23/08/03,4.12,Inundation Boundary (23AUG2003 00 00 00 Value_0).tif
24/08/03,5.25,Inundation Boundary (24AUG2003 00 00 00 Value_0).tif
25/08/03,5.38,Inundation Boundary (25AUG2003 00 00 00 Value_0).tif
26/08/03,4.84,Inundation Boundary (26AUG2003 00 00 00 Value_0).tif
27/08/03,4.36,Inundation Boundary (27AUG2003 00 00 00 Value_0).tif
28/08/03,4.025,Inundation Boundary (28AUG2003 00 00 00 Value_0).tif
29/08/03,3.865,Inundation Boundary (29AUG2003 00 00 00 Value_0).tif
30/08/03,3.805,Inundation Boundary (30AUG2003 00 00 00 Value_0).tif
31/08/03,5.46,Inundation Boundary (31AUG2003 00 00 00 Value_0).tif
01/09/03,7.39,Inundation Boundary (01SEP2003 00 00 00 Value_0).tif
02/09/03,7.33,Inundation Boundary (02SEP2003 00 00 00 Value_0).tif
03/09/03,7.03,Inundation Boundary (03SEP2003 00 00 00 Value_0).tif
04/09/03,7.475,Inundation Boundary (04SEP2003 00 00 00 Value_0).tif
05/09/03,8.455,Inundation Boundary (05SEP2003 00 00 00 Value_0).tif
06/09/03,8.64,Inundation Boundary (06SEP2003 00 00 00 Value_0).tif
07/09/03,7.15,Inundation Boundary (07SEP2003 00 00 00 Value_0).tif
08/09/03,6.57,Inundation Boundary (08SEP2003 00 00 00 Value_0).tif
09/09/03,6.955,Inundation Boundary (09SEP2003 00 00 00 Value_0).tif
10/09/03,9.965,Inundation Boundary (10SEP2003 00 00 00 Value_0).tif
11/09/03,9.05,Inundation Boundary (11SEP2003 00 00 00 Value_0).tif
12/09/03,8.08,Inundation Boundary (12SEP2003 00 00 00 Value_0).tif
13/09/03,6.865,Inundation Boundary (13SEP2003 00 00 00 Value_0).tif
14/09/03,5.4,Inundation Boundary (14SEP2003 00 00 00 Value_0).tif
15/09/03,6.675,Inundation Boundary (15SEP2003 00 00 00 Value_0).tif
16/09/03,10.75,Inundation Boundary (16SEP2003 00 00 00 Value_0).tif
17/09/03,8.75,Inundation Boundary (17SEP2003 00 00 00 Value_0).tif
18/09/03,8.05,Inundation Boundary (18SEP2003 00 00 00 Value_0).tif
19/09/03,7.43,Inundation Boundary (19SEP2003 00 00 00 Value_0).tif
20/09/03,6.555,Inundation Boundary (20SEP2003 00 00 00 Value_0).tif
21/09/03,5.73,Inundation Boundary (21SEP2003 00 00 00 Value_0).tif
22/09/03,6.38,Inundation Boundary (22SEP2003 00 00 00 Value_0).tif
23/09/03,6.23,Inundation Boundary (23SEP2003 00 00 00 Value_0).tif
24/09/03,6.565,Inundation Boundary (24SEP2003 00 00 00 Value_0).tif
25/09/03,6.34,Inundation Boundary (25SEP2003 00 00 00 Value_0).tif
26/09/03,5.86,Inundation Boundary (26SEP2003 00 00 00 Value_0).tif
27/09/03,6.475,Inundation Boundary (27SEP2003 00 00 00 Value_0).tif
28/09/03,6.25,Inundation Boundary (28SEP2003 00 00 00 Value_0).tif
29/09/03,6.165,Inundation Boundary (29SEP2003 00 00 00 Value_0).tif
30/09/03,5.74,Inundation Boundary (30SEP2003 00 00 00 Value_0).tif
01/06/04,2.64,Inundation Boundary (01JUN2004 00 00 00 Value_0).tif
02/06/04,2.5,Inundation Boundary (02JUN2004 00 00 00 Value_0).tif
03/06/04,2.41,Inundation Boundary (03JUN2004 00 00 00 Value_0).tif
04/06/04,2.35,Inundation Boundary (04JUN2004 00 00 00 Value_0).tif
05/06/04,2.31,Inundation Boundary (05JUN2004 00 00 00 Value_0).tif
06/06/04,2.29,Inundation Boundary (06JUN2004 00 00 00 Value_0).tif
07/06/04,2.29,Inundation Boundary (07JUN2004 00 00 00 Value_0).tif
08/06/04,2.3,Inundation Boundary (08JUN2004 00 00 00 Value_0).tif
09/06/04,2.3,Inundation Boundary (09JUN2004 00 00 00 Value_0).tif
10/06/04,2.3,Inundation Boundary (10JUN2004 00 00 00 Value_0).tif
11/06/04,2.3,Inundation Boundary (11JUN2004 00 00 00 Value_0).tif
12/06/04,2.29,Inundation Boundary (12JUN2004 00 00 00 Value_0).tif
13/06/04,2.3,Inundation Boundary (13JUN2004 00 00 00 Value_0).tif
14/06/04,2.33,Inundation Boundary (14JUN2004 00 00 00 Value_0).tif
15/06/04,2.35,Inundation Boundary (15JUN2004 00 00 00 Value_0).tif
16/06/04,2.39,Inundation Boundary (16JUN2004 00 00 00 Value_0).tif
17/06/04,3.275,Inundation Boundary (17JUN2004 00 00 00 Value_0).tif
18/06/04,3.48,Inundation Boundary (18JUN2004 00 00 00 Value_0).tif
19/06/04,3.805,Inundation Boundary (19JUN2004 00 00 00 Value_0).tif
20/06/04,5.98,Inundation Boundary (20JUN2004 00 00 00 Value_0).tif
21/06/04,4.395,Inundation Boundary (21JUN2004 00 00 00 Value_0).tif
22/06/04,3.57,Inundation Boundary (22JUN2004 00 00 00 Value_0).tif
23/06/04,3.19,Inundation Boundary (23JUN2004 00 00 00 Value_0).tif
24/06/04,2.95,Inundation Boundary (24JUN2004 00 00 00 Value_0).tif
25/06/04,2.815,Inundation Boundary (25JUN2004 00 00 00 Value_0).tif
26/06/04,2.77,Inundation Boundary (26JUN2004 00 00 00 Value_0).tif
27/06/04,2.72,Inundation Boundary (27JUN2004 00 00 00 Value_0).tif
28/06/04,2.67,Inundation Boundary (28JUN2004 00 00 00 Value_0).tif
29/06/04,2.65,Inundation Boundary (29JUN2004 00 00 00 Value_0).tif
30/06/04,2.63,Inundation Boundary (30JUN2004 00 00 00 Value_0).tif
01/07/04,2.62,Inundation Boundary (01JUL2004 00 00 00 Value_0).tif
02/07/04,2.62,Inundation Boundary (02JUL2004 00 00 00 Value_0).tif
03/07/04,2.66,Inundation Boundary (03JUL2004 00 00 00 Value_0).tif
04/07/04,2.64,Inundation Boundary (04JUL2004 00 00 00 Value_0).tif
05/07/04,2.7,Inundation Boundary (05JUL2004 00 00 00 Value_0).tif
06/07/04,3.03,Inundation Boundary (06JUL2004 00 00 00 Value_0).tif
07/07/04,2.96,Inundation Boundary (07JUL2004 00 00 00 Value_0).tif
08/07/04,2.88,Inundation Boundary (08JUL2004 00 00 00 Value_0).tif
09/07/04,2.805,Inundation Boundary (09JUL2004 00 00 00 Value_0).tif
10/07/04,2.76,Inundation Boundary (10JUL2004 00 00 00 Value_0).tif
11/07/04,2.75,Inundation Boundary (11JUL2004 00 00 00 Value_0).tif
12/07/04,2.74,Inundation Boundary (12JUL2004 00 00 00 Value_0).tif
13/07/04,2.73,Inundation Boundary (13JUL2004 00 00 00 Value_0).tif
14/07/04,2.71,Inundation Boundary (14JUL2004 00 00 00 Value_0).tif
15/07/04,2.69,Inundation Boundary (15JUL2004 00 00 00 Value_0).tif
16/07/04,2.67,Inundation Boundary (16JUL2004 00 00 00 Value_0).tif
17/07/04,2.72,Inundation Boundary (17JUL2004 00 00 00 Value_0).tif
18/07/04,3.24,Inundation Boundary (18JUL2004 00 00 00 Value_0).tif
19/07/04,3,Inundation Boundary (19JUL2004 00 00 00 Value_0).tif
20/07/04,2.95,Inundation Boundary (20JUL2004 00 00 00 Value_0).tif
21/07/04,2.9,Inundation Boundary (21JUL2004 00 00 00 Value_0).tif
22/07/04,2.84,Inundation Boundary (22JUL2004 00 00 00 Value_0).tif
23/07/04,2.81,Inundation Boundary (23JUL2004 00 00 00 Value_0).tif
24/07/04,2.79,Inundation Boundary (24JUL2004 00 00 00 Value_0).tif
25/07/04,2.93,Inundation Boundary (25JUL2004 00 00 00 Value_0).tif
26/07/04,3.095,Inundation Boundary (26JUL2004 00 00 00 Value_0).tif
27/07/04,3.185,Inundation Boundary (27JUL2004 00 00 00 Value_0).tif
28/07/04,3.58,Inundation Boundary (28JUL2004 00 00 00 Value_0).tif
29/07/04,3.05,Inundation Boundary (29JUL2004 00 00 00 Value_0).tif
30/07/04,3.15,Inundation Boundary (30JUL2004 00 00 00 Value_0).tif
31/07/04,4.55,Inundation Boundary (31JUL2004 00 00 00 Value_0).tif
01/08/04,4.77,Inundation Boundary (01AUG2004 00 00 00 Value_0).tif
02/08/04,4.2,Inundation Boundary (02AUG2004 00 00 00 Value_0).tif
03/08/04,4.035,Inundation Boundary (03AUG2004 00 00 00 Value_0).tif
04/08/04,3.61,Inundation Boundary (04AUG2004 00 00 00 Value_0).tif
05/08/04,3.415,Inundation Boundary (05AUG2004 00 00 00 Value_0).tif
06/08/04,3.25,Inundation Boundary (06AUG2004 00 00 00 Value_0).tif
07/08/04,3.315,Inundation Boundary (07AUG2004 00 00 00 Value_0).tif
08/08/04,3.63,Inundation Boundary (08AUG2004 00 00 00 Value_0).tif
09/08/04,3.93,Inundation Boundary (09AUG2004 00 00 00 Value_0).tif
10/08/04,4.63,Inundation Boundary (10AUG2004 00 00 00 Value_0).tif
11/08/04,4.94,Inundation Boundary (11AUG2004 00 00 00 Value_0).tif
12/08/04,4.58,Inundation Boundary (12AUG2004 00 00 00 Value_0).tif
13/08/04,4.23,Inundation Boundary (13AUG2004 00 00 00 Value_0).tif
14/08/04,4.01,Inundation Boundary (14AUG2004 00 00 00 Value_0).tif
15/08/04,4.82,Inundation Boundary (15AUG2004 00 00 00 Value_0).tif
16/08/04,7.6,Inundation Boundary (16AUG2004 00 00 00 Value_0).tif
17/08/04,7.39,Inundation Boundary (17AUG2004 00 00 00 Value_0).tif
18/08/04,7.07,Inundation Boundary (18AUG2004 00 00 00 Value_0).tif
19/08/04,6.44,Inundation Boundary (19AUG2004 00 00 00 Value_0).tif
20/08/04,5.075,Inundation Boundary (20AUG2004 00 00 00 Value_0).tif
21/08/04,5.38,Inundation Boundary (21AUG2004 00 00 00 Value_0).tif
22/08/04,7.24,Inundation Boundary (22AUG2004 00 00 00 Value_0).tif
23/08/04,11.31,Inundation Boundary (23AUG2004 00 00 00 Value_0).tif
24/08/04,11.01,Inundation Boundary (24AUG2004 00 00 00 Value_0).tif
25/08/04,9.3,Inundation Boundary (25AUG2004 00 00 00 Value_0).tif
26/08/04,7.42,Inundation Boundary (26AUG2004 00 00 00 Value_0).tif
27/08/04,5.93,Inundation Boundary (27AUG2004 00 00 00 Value_0).tif
28/08/04,5.32,Inundation Boundary (28AUG2004 00 00 00 Value_0).tif
29/08/04,4.68,Inundation Boundary (29AUG2004 00 00 00 Value_0).tif
30/08/04,4.37,Inundation Boundary (30AUG2004 00 00 00 Value_0).tif
31/08/04,4.26,Inundation Boundary (31AUG2004 00 00 00 Value_0).tif
01/09/04,4.18,Inundation Boundary (01SEP2004 00 00 00 Value_0).tif
02/09/04,3.965,Inundation Boundary (02SEP2004 00 00 00 Value_0).tif
03/09/04,3.685,Inundation Boundary (03SEP2004 00 00 00 Value_0).tif
04/09/04,3.59,Inundation Boundary (04SEP2004 00 00 00 Value_0).tif
05/09/04,3.54,Inundation Boundary (05SEP2004 00 00 00 Value_0).tif
06/09/04,3.504,Inundation Boundary (06SEP2004 00 00 00 Value_0).tif
07/09/04,3.44,Inundation Boundary (07SEP2004 00 00 00 Value_0).tif
08/09/04,3.37,Inundation Boundary (08SEP2004 00 00 00 Value_0).tif
09/09/04,3.33,Inundation Boundary (09SEP2004 00 00 00 Value_0).tif
10/09/04,3.28,Inundation Boundary (10SEP2004 00 00 00 Value_0).tif
11/09/04,3.25,Inundation Boundary (11SEP2004 00 00 00 Value_0).tif
12/09/04,3.27,Inundation Boundary (12SEP2004 00 00 00 Value_0).tif
13/09/04,3.26,Inundation Boundary (13SEP2004 00 00 00 Value_0).tif
14/09/04,3.24,Inundation Boundary (14SEP2004 00 00 00 Value_0).tif
15/09/04,3.23,Inundation Boundary (15SEP2004 00 00 00 Value_0).tif
16/09/04,3.22,Inundation Boundary (16SEP2004 00 00 00 Value_0).tif
17/09/04,3.615,Inundation Boundary (17SEP2004 00 00 00 Value_0).tif
18/09/04,3.795,Inundation Boundary (18SEP2004 00 00 00 Value_0).tif
19/09/04,3.51,Inundation Boundary (19SEP2004 00 00 00 Value_0).tif
20/09/04,3.375,Inundation Boundary (20SEP2004 00 00 00 Value_0).tif
21/09/04,3.33,Inundation Boundary (21SEP2004 00 00 00 Value_0).tif
22/09/04,3.34,Inundation Boundary (22SEP2004 00 00 00 Value_0).tif
23/09/04,3.445,Inundation Boundary (23SEP2004 00 00 00 Value_0).tif
24/09/04,3.48,Inundation Boundary (24SEP2004 00 00 00 Value_0).tif
25/09/04,3.53,Inundation Boundary (25SEP2004 00 00 00 Value_0).tif
26/09/04,3.42,Inundation Boundary (26SEP2004 00 00 00 Value_0).tif
27/09/04,3.57,Inundation Boundary (27SEP2004 00 00 00 Value_0).tif
28/09/04,3.45,Inundation Boundary (28SEP2004 00 00 00 Value_0).tif
29/09/04,3.325,Inundation Boundary (29SEP2004 00 00 00 Value_0).tif
30/09/04,3.215,Inundation Boundary (30SEP2004 00 00 00 Value_0).tif
01/06/05,2.76,Inundation Boundary (01JUN2005 00 00 00 Value_0).tif
02/06/05,2.7,Inundation Boundary (02JUN2005 00 00 00 Value_0).tif
03/06/05,2.6,Inundation Boundary (03JUN2005 00 00 00 Value_0).tif
04/06/05,2.55,Inundation Boundary (04JUN2005 00 00 00 Value_0).tif
05/06/05,2.52,Inundation Boundary (05JUN2005 00 00 00 Value_0).tif
06/06/05,2.5,Inundation Boundary (06JUN2005 00 00 00 Value_0).tif
07/06/05,2.42,Inundation Boundary (07JUN2005 00 00 00 Value_0).tif
08/06/05,2.37,Inundation Boundary (08JUN2005 00 00 00 Value_0).tif
09/06/05,2.34,Inundation Boundary (09JUN2005 00 00 00 Value_0).tif
10/06/05,2.38,Inundation Boundary (10JUN2005 00 00 00 Value_0).tif
11/06/05,2.26,Inundation Boundary (11JUN2005 00 00 00 Value_0).tif
12/06/05,2.19,Inundation Boundary (12JUN2005 00 00 00 Value_0).tif
13/06/05,2.33,Inundation Boundary (13JUN2005 00 00 00 Value_0).tif
14/06/05,2.46,Inundation Boundary (14JUN2005 00 00 00 Value_0).tif
15/06/05,2.47,Inundation Boundary (15JUN2005 00 00 00 Value_0).tif
16/06/05,2.48,Inundation Boundary (16JUN2005 00 00 00 Value_0).tif
17/06/05,2.5,Inundation Boundary (17JUN2005 00 00 00 Value_0).tif
18/06/05,2.5,Inundation Boundary (18JUN2005 00 00 00 Value_0).tif
19/06/05,2.51,Inundation Boundary (19JUN2005 00 00 00 Value_0).tif
20/06/05,2.49,Inundation Boundary (20JUN2005 00 00 00 Value_0).tif
21/06/05,2.405,Inundation Boundary (21JUN2005 00 00 00 Value_0).tif
22/06/05,2.355,Inundation Boundary (22JUN2005 00 00 00 Value_0).tif
23/06/05,2.255,Inundation Boundary (23JUN2005 00 00 00 Value_0).tif
24/06/05,2.21,Inundation Boundary (24JUN2005 00 00 00 Value_0).tif
25/06/05,2.315,Inundation Boundary (25JUN2005 00 00 00 Value_0).tif
26/06/05,2.24,Inundation Boundary (26JUN2005 00 00 00 Value_0).tif
27/06/05,2.75,Inundation Boundary (27JUN2005 00 00 00 Value_0).tif
28/06/05,4.795,Inundation Boundary (28JUN2005 00 00 00 Value_0).tif
29/06/05,3.65,Inundation Boundary (29JUN2005 00 00 00 Value_0).tif
30/06/05,3.02,Inundation Boundary (30JUN2005 00 00 00 Value_0).tif
01/07/05,2.73,Inundation Boundary (01JUL2005 00 00 00 Value_0).tif
02/07/05,2.555,Inundation Boundary (02JUL2005 00 00 00 Value_0).tif
03/07/05,2.55,Inundation Boundary (03JUL2005 00 00 00 Value_0).tif
04/07/05,3.23,Inundation Boundary (04JUL2005 00 00 00 Value_0).tif
05/07/05,9.67,Inundation Boundary (05JUL2005 00 00 00 Value_0).tif
06/07/05,12,Inundation Boundary (06JUL2005 00 00 00 Value_0).tif
07/07/05,10.12,Inundation Boundary (07JUL2005 00 00 00 Value_0).tif
08/07/05,8.275,Inundation Boundary (08JUL2005 00 00 00 Value_0).tif
09/07/05,7.45,Inundation Boundary (09JUL2005 00 00 00 Value_0).tif
10/07/05,6.6,Inundation Boundary (10JUL2005 00 00 00 Value_0).tif
11/07/05,6.475,Inundation Boundary (11JUL2005 00 00 00 Value_0).tif
12/07/05,6.59,Inundation Boundary (12JUL2005 00 00 00 Value_0).tif
13/07/05,7.465,Inundation Boundary (13JUL2005 00 00 00 Value_0).tif
14/07/05,6.25,Inundation Boundary (14JUL2005 00 00 00 Value_0).tif
15/07/05,5.205,Inundation Boundary (15JUL2005 00 00 00 Value_0).tif
16/07/05,5.095,Inundation Boundary (16JUL2005 00 00 00 Value_0).tif
17/07/05,5.7,Inundation Boundary (17JUL2005 00 00 00 Value_0).tif
18/07/05,5.555,Inundation Boundary (18JUL2005 00 00 00 Value_0).tif
19/07/05,5.375,Inundation Boundary (19JUL2005 00 00 00 Value_0).tif
20/07/05,4.92,Inundation Boundary (20JUL2005 00 00 00 Value_0).tif
21/07/05,4.58,Inundation Boundary (21JUL2005 00 00 00 Value_0).tif
22/07/05,4.23,Inundation Boundary (22JUL2005 00 00 00 Value_0).tif
23/07/05,4.035,Inundation Boundary (23JUL2005 00 00 00 Value_0).tif
24/07/05,3.89,Inundation Boundary (24JUL2005 00 00 00 Value_0).tif
25/07/05,4.47,Inundation Boundary (25JUL2005 00 00 00 Value_0).tif
26/07/05,5.58,Inundation Boundary (26JUL2005 00 00 00 Value_0).tif
27/07/05,4.95,Inundation Boundary (27JUL2005 00 00 00 Value_0).tif
28/07/05,6.47,Inundation Boundary (28JUL2005 00 00 00 Value_0).tif
29/07/05,6.51,Inundation Boundary (29JUL2005 00 00 00 Value_0).tif
30/07/05,5.895,Inundation Boundary (30JUL2005 00 00 00 Value_0).tif
31/07/05,5.01,Inundation Boundary (31JUL2005 00 00 00 Value_0).tif
01/08/05,7.635,Inundation Boundary (01AUG2005 00 00 00 Value_0).tif
02/08/05,10.21,Inundation Boundary (02AUG2005 00 00 00 Value_0).tif
03/08/05,8.685,Inundation Boundary (03AUG2005 00 00 00 Value_0).tif
04/08/05,7.865,Inundation Boundary (04AUG2005 00 00 00 Value_0).tif
05/08/05,6.33,Inundation Boundary (05AUG2005 00 00 00 Value_0).tif
06/08/05,5.155,Inundation Boundary (06AUG2005 00 00 00 Value_0).tif
07/08/05,6.69,Inundation Boundary (07AUG2005 00 00 00 Value_0).tif
08/08/05,8.905,Inundation Boundary (08AUG2005 00 00 00 Value_0).tif
09/08/05,9.33,Inundation Boundary (09AUG2005 00 00 00 Value_0).tif
10/08/05,7.865,Inundation Boundary (10AUG2005 00 00 00 Value_0).tif
11/08/05,6.23,Inundation Boundary (11AUG2005 00 00 00 Value_0).tif
12/08/05,4.945,Inundation Boundary (12AUG2005 00 00 00 Value_0).tif
13/08/05,4.51,Inundation Boundary (13AUG2005 00 00 00 Value_0).tif
14/08/05,4.27,Inundation Boundary (14AUG2005 00 00 00 Value_0).tif
15/08/05,4.04,Inundation Boundary (15AUG2005 00 00 00 Value_0).tif
16/08/05,3.85,Inundation Boundary (16AUG2005 00 00 00 Value_0).tif
17/08/05,3.8,Inundation Boundary (17AUG2005 00 00 00 Value_0).tif
18/08/05,4.755,Inundation Boundary (18AUG2005 00 00 00 Value_0).tif
19/08/05,6.64,Inundation Boundary (19AUG2005 00 00 00 Value_0).tif
20/08/05,5.595,Inundation Boundary (20AUG2005 00 00 00 Value_0).tif
21/08/05,5.43,Inundation Boundary (21AUG2005 00 00 00 Value_0).tif
22/08/05,8.16,Inundation Boundary (22AUG2005 00 00 00 Value_0).tif
23/08/05,8.65,Inundation Boundary (23AUG2005 00 00 00 Value_0).tif
24/08/05,9.07,Inundation Boundary (24AUG2005 00 00 00 Value_0).tif
25/08/05,8.425,Inundation Boundary (25AUG2005 00 00 00 Value_0).tif
26/08/05,6.31,Inundation Boundary (26AUG2005 00 00 00 Value_0).tif
27/08/05,5.07,Inundation Boundary (27AUG2005 00 00 00 Value_0).tif
28/08/05,4.67,Inundation Boundary (28AUG2005 00 00 00 Value_0).tif
29/08/05,4.465,Inundation Boundary (29AUG2005 00 00 00 Value_0).tif
30/08/05,4.28,Inundation Boundary (30AUG2005 00 00 00 Value_0).tif
31/08/05,4.165,Inundation Boundary (31AUG2005 00 00 00 Value_0).tif
01/09/05,3.895,Inundation Boundary (01SEP2005 00 00 00 Value_0).tif
02/09/05,3.62,Inundation Boundary (02SEP2005 00 00 00 Value_0).tif
03/09/05,3.525,Inundation Boundary (03SEP2005 00 00 00 Value_0).tif
04/09/05,3.49,Inundation Boundary (04SEP2005 00 00 00 Value_0).tif
05/09/05,3.58,Inundation Boundary (05SEP2005 00 00 00 Value_0).tif
06/09/05,3.795,Inundation Boundary (06SEP2005 00 00 00 Value_0).tif
07/09/05,3.805,Inundation Boundary (07SEP2005 00 00 00 Value_0).tif
08/09/05,4.24,Inundation Boundary (08SEP2005 00 00 00 Value_0).tif
09/09/05,3.985,Inundation Boundary (09SEP2005 00 00 00 Value_0).tif
10/09/05,3.82,Inundation Boundary (10SEP2005 00 00 00 Value_0).tif
11/09/05,3.66,Inundation Boundary (11SEP2005 00 00 00 Value_0).tif
12/09/05,3.65,Inundation Boundary (12SEP2005 00 00 00 Value_0).tif
13/09/05,3.755,Inundation Boundary (13SEP2005 00 00 00 Value_0).tif
14/09/05,3.8,Inundation Boundary (14SEP2005 00 00 00 Value_0).tif
15/09/05,6.375,Inundation Boundary (15SEP2005 00 00 00 Value_0).tif
16/09/05,8.225,Inundation Boundary (16SEP2005 00 00 00 Value_0).tif
17/09/05,10.38,Inundation Boundary (17SEP2005 00 00 00 Value_0).tif
18/09/05,8.53,Inundation Boundary (18SEP2005 00 00 00 Value_0).tif
19/09/05,6.71,Inundation Boundary (19SEP2005 00 00 00 Value_0).tif
20/09/05,6.055,Inundation Boundary (20SEP2005 00 00 00 Value_0).tif
21/09/05,6.26,Inundation Boundary (21SEP2005 00 00 00 Value_0).tif
22/09/05,5.45,Inundation Boundary (22SEP2005 00 00 00 Value_0).tif
23/09/05,4.905,Inundation Boundary (23SEP2005 00 00 00 Value_0).tif
24/09/05,4.605,Inundation Boundary (24SEP2005 00 00 00 Value_0).tif
25/09/05,4.34,Inundation Boundary (25SEP2005 00 00 00 Value_0).tif
26/09/05,4.03,Inundation Boundary (26SEP2005 00 00 00 Value_0).tif
27/09/05,4.01,Inundation Boundary (27SEP2005 00 00 00 Value_0).tif
28/09/05,4.05,Inundation Boundary (28SEP2005 00 00 00 Value_0).tif
29/09/05,3.99,Inundation Boundary (29SEP2005 00 00 00 Value_0).tif
30/09/05,3.925,Inundation Boundary (30SEP2005 00 00 00 Value_0).tif
01/06/06,2.33,Inundation Boundary (01JUN2006 00 00 00 Value_0).tif
02/06/06,2.35,Inundation Boundary (02JUN2006 00 00 00 Value_0).tif
03/06/06,2.37,Inundation Boundary (03JUN2006 00 00 00 Value_0).tif
04/06/06,2.39,Inundation Boundary (04JUN2006 00 00 00 Value_0).tif
05/06/06,2.46,Inundation Boundary (05JUN2006 00 00 00 Value_0).tif
06/06/06,2.45,Inundation Boundary (06JUN2006 00 00 00 Value_0).tif
07/06/06,2.39,Inundation Boundary (07JUN2006 00 00 00 Value_0).tif
08/06/06,2.35,Inundation Boundary (08JUN2006 00 00 00 Value_0).tif
09/06/06,2.36,Inundation Boundary (09JUN2006 00 00 00 Value_0).tif
10/06/06,2.44,Inundation Boundary (10JUN2006 00 00 00 Value_0).tif
11/06/06,2.46,Inundation Boundary (11JUN2006 00 00 00 Value_0).tif
12/06/06,2.47,Inundation Boundary (12JUN2006 00 00 00 Value_0).tif
13/06/06,2.47,Inundation Boundary (13JUN2006 00 00 00 Value_0).tif
14/06/06,2.46,Inundation Boundary (14JUN2006 00 00 00 Value_0).tif
15/06/06,2.48,Inundation Boundary (15JUN2006 00 00 00 Value_0).tif
16/06/06,2.63,Inundation Boundary (16JUN2006 00 00 00 Value_0).tif
17/06/06,2.68,Inundation Boundary (17JUN2006 00 00 00 Value_0).tif
18/06/06,2.6,Inundation Boundary (18JUN2006 00 00 00 Value_0).tif
19/06/06,2.42,Inundation Boundary (19JUN2006 00 00 00 Value_0).tif
20/06/06,2.36,Inundation Boundary (20JUN2006 00 00 00 Value_0).tif
21/06/06,2.31,Inundation Boundary (21JUN2006 00 00 00 Value_0).tif
22/06/06,2.27,Inundation Boundary (22JUN2006 00 00 00 Value_0).tif
23/06/06,2.24,Inundation Boundary (23JUN2006 00 00 00 Value_0).tif
24/06/06,2.21,Inundation Boundary (24JUN2006 00 00 00 Value_0).tif
25/06/06,2.19,Inundation Boundary (25JUN2006 00 00 00 Value_0).tif
26/06/06,2.15,Inundation Boundary (26JUN2006 00 00 00 Value_0).tif
27/06/06,2.15,Inundation Boundary (27JUN2006 00 00 00 Value_0).tif
28/06/06,2.19,Inundation Boundary (28JUN2006 00 00 00 Value_0).tif
29/06/06,2.2,Inundation Boundary (29JUN2006 00 00 00 Value_0).tif
30/06/06,2.2,Inundation Boundary (30JUN2006 00 00 00 Value_0).tif
01/07/06,2.2,Inundation Boundary (01JUL2006 00 00 00 Value_0).tif
02/07/06,2.26,Inundation Boundary (02JUL2006 00 00 00 Value_0).tif
03/07/06,2.43,Inundation Boundary (03JUL2006 00 00 00 Value_0).tif
04/07/06,2.645,Inundation Boundary (04JUL2006 00 00 00 Value_0).tif
05/07/06,2.635,Inundation Boundary (05JUL2006 00 00 00 Value_0).tif
06/07/06,2.505,Inundation Boundary (06JUL2006 00 00 00 Value_0).tif
07/07/06,2.42,Inundation Boundary (07JUL2006 00 00 00 Value_0).tif
08/07/06,2.39,Inundation Boundary (08JUL2006 00 00 00 Value_0).tif
09/07/06,2.37,Inundation Boundary (09JUL2006 00 00 00 Value_0).tif
10/07/06,2.38,Inundation Boundary (10JUL2006 00 00 00 Value_0).tif
11/07/06,2.465,Inundation Boundary (11JUL2006 00 00 00 Value_0).tif
12/07/06,2.48,Inundation Boundary (12JUL2006 00 00 00 Value_0).tif
13/07/06,2.44,Inundation Boundary (13JUL2006 00 00 00 Value_0).tif
14/07/06,2.4,Inundation Boundary (14JUL2006 00 00 00 Value_0).tif
15/07/06,2.35,Inundation Boundary (15JUL2006 00 00 00 Value_0).tif
16/07/06,2.31,Inundation Boundary (16JUL2006 00 00 00 Value_0).tif
17/07/06,2.3,Inundation Boundary (17JUL2006 00 00 00 Value_0).tif
18/07/06,2.41,Inundation Boundary (18JUL2006 00 00 00 Value_0).tif
19/07/06,2.7,Inundation Boundary (19JUL2006 00 00 00 Value_0).tif
20/07/06,2.77,Inundation Boundary (20JUL2006 00 00 00 Value_0).tif
21/07/06,3.17,Inundation Boundary (21JUL2006 00 00 00 Value_0).tif
22/07/06,3.42,Inundation Boundary (22JUL2006 00 00 00 Value_0).tif
23/07/06,6.96,Inundation Boundary (23JUL2006 00 00 00 Value_0).tif
24/07/06,5.58,Inundation Boundary (24JUL2006 00 00 00 Value_0).tif
25/07/06,4.395,Inundation Boundary (25JUL2006 00 00 00 Value_0).tif
26/07/06,3.82,Inundation Boundary (26JUL2006 00 00 00 Value_0).tif
27/07/06,3.52,Inundation Boundary (27JUL2006 00 00 00 Value_0).tif
28/07/06,3.53,Inundation Boundary (28JUL2006 00 00 00 Value_0).tif
29/07/06,4.405,Inundation Boundary (29JUL2006 00 00 00 Value_0).tif
30/07/06,4.56,Inundation Boundary (30JUL2006 00 00 00 Value_0).tif
31/07/06,4.22,Inundation Boundary (31JUL2006 00 00 00 Value_0).tif
01/08/06,5.92,Inundation Boundary (01AUG2006 00 00 00 Value_0).tif
02/08/06,5.685,Inundation Boundary (02AUG2006 00 00 00 Value_0).tif
03/08/06,4.625,Inundation Boundary (03AUG2006 00 00 00 Value_0).tif
04/08/06,4.16,Inundation Boundary (04AUG2006 00 00 00 Value_0).tif
05/08/06,4.38,Inundation Boundary (05AUG2006 00 00 00 Value_0).tif
06/08/06,3.98,Inundation Boundary (06AUG2006 00 00 00 Value_0).tif
07/08/06,3.86,Inundation Boundary (07AUG2006 00 00 00 Value_0).tif
08/08/06,3.83,Inundation Boundary (08AUG2006 00 00 00 Value_0).tif
09/08/06,3.87,Inundation Boundary (09AUG2006 00 00 00 Value_0).tif
10/08/06,4.055,Inundation Boundary (10AUG2006 00 00 00 Value_0).tif
11/08/06,3.85,Inundation Boundary (11AUG2006 00 00 00 Value_0).tif
12/08/06,3.635,Inundation Boundary (12AUG2006 00 00 00 Value_0).tif
13/08/06,3.58,Inundation Boundary (13AUG2006 00 00 00 Value_0).tif
14/08/06,11.855,Inundation Boundary (14AUG2006 00 00 00 Value_0).tif
15/08/06,11.9,Inundation Boundary (15AUG2006 00 00 00 Value_0).tif
16/08/06,6.74,Inundation Boundary (16AUG2006 00 00 00 Value_0).tif
17/08/06,5.275,Inundation Boundary (17AUG2006 00 00 00 Value_0).tif
18/08/06,7.45,Inundation Boundary (18AUG2006 00 00 00 Value_0).tif
19/08/06,10.13,Inundation Boundary (19AUG2006 00 00 00 Value_0).tif
20/08/06,6.75,Inundation Boundary (20AUG2006 00 00 00 Value_0).tif
21/08/06,5.1,Inundation Boundary (21AUG2006 00 00 00 Value_0).tif
22/08/06,4.75,Inundation Boundary (22AUG2006 00 00 00 Value_0).tif
23/08/06,4.665,Inundation Boundary (23AUG2006 00 00 00 Value_0).tif
24/08/06,4.495,Inundation Boundary (24AUG2006 00 00 00 Value_0).tif
25/08/06,4.39,Inundation Boundary (25AUG2006 00 00 00 Value_0).tif
26/08/06,4.45,Inundation Boundary (26AUG2006 00 00 00 Value_0).tif
27/08/06,5.47,Inundation Boundary (27AUG2006 00 00 00 Value_0).tif
28/08/06,5.74,Inundation Boundary (28AUG2006 00 00 00 Value_0).tif
29/08/06,5.07,Inundation Boundary (29AUG2006 00 00 00 Value_0).tif
30/08/06,4.49,Inundation Boundary (30AUG2006 00 00 00 Value_0).tif
31/08/06,6.43,Inundation Boundary (31AUG2006 00 00 00 Value_0).tif
01/09/06,12.69,Inundation Boundary (01SEP2006 00 00 00 Value_0).tif
02/09/06,8.43,Inundation Boundary (02SEP2006 00 00 00 Value_0).tif
03/09/06,6.73,Inundation Boundary (03SEP2006 00 00 00 Value_0).tif
04/09/06,5.68,Inundation Boundary (04SEP2006 00 00 00 Value_0).tif
05/09/06,5.47,Inundation Boundary (05SEP2006 00 00 00 Value_0).tif
06/09/06,8.76,Inundation Boundary (06SEP2006 00 00 00 Value_0).tif
07/09/06,7.85,Inundation Boundary (07SEP2006 00 00 00 Value_0).tif
08/09/06,6.13,Inundation Boundary (08SEP2006 00 00 00 Value_0).tif
09/09/06,5.175,Inundation Boundary (09SEP2006 00 00 00 Value_0).tif
10/09/06,5.31,Inundation Boundary (10SEP2006 00 00 00 Value_0).tif
11/09/06,4.675,Inundation Boundary (11SEP2006 00 00 00 Value_0).tif
12/09/06,4.43,Inundation Boundary (12SEP2006 00 00 00 Value_0).tif
13/09/06,4.24,Inundation Boundary (13SEP2006 00 00 00 Value_0).tif
14/09/06,4.18,Inundation Boundary (14SEP2006 00 00 00 Value_0).tif
15/09/06,4.225,Inundation Boundary (15SEP2006 00 00 00 Value_0).tif
16/09/06,4.125,Inundation Boundary (16SEP2006 00 00 00 Value_0).tif
17/09/06,4.15,Inundation Boundary (17SEP2006 00 00 00 Value_0).tif
18/09/06,4.025,Inundation Boundary (18SEP2006 00 00 00 Value_0).tif
19/09/06,4.02,Inundation Boundary (19SEP2006 00 00 00 Value_0).tif
20/09/06,3.905,Inundation Boundary (20SEP2006 00 00 00 Value_0).tif
21/09/06,4.27,Inundation Boundary (21SEP2006 00 00 00 Value_0).tif
22/09/06,4.52,Inundation Boundary (22SEP2006 00 00 00 Value_0).tif
23/09/06,4.26,Inundation Boundary (23SEP2006 00 00 00 Value_0).tif
24/09/06,3.88,Inundation Boundary (24SEP2006 00 00 00 Value_0).tif
25/09/06,3.91,Inundation Boundary (25SEP2006 00 00 00 Value_0).tif
26/09/06,3.83,Inundation Boundary (26SEP2006 00 00 00 Value_0).tif
27/09/06,3.83,Inundation Boundary (27SEP2006 00 00 00 Value_0).tif
28/09/06,3.7,Inundation Boundary (28SEP2006 00 00 00 Value_0).tif
29/09/06,3.61,Inundation Boundary (29SEP2006 00 00 00 Value_0).tif
30/09/06,3.515,Inundation Boundary (30SEP2006 00 00 00 Value_0).tif
01/06/07,2.64,Inundation Boundary (01JUN2007 00 00 00 Value_0).tif
02/06/07,2.56,Inundation Boundary (02JUN2007 00 00 00 Value_0).tif
03/06/07,2.63,Inundation Boundary (03JUN2007 00 00 00 Value_0).tif
04/06/07,2.73,Inundation Boundary (04JUN2007 00 00 00 Value_0).tif
05/06/07,2.73,Inundation Boundary (05JUN2007 00 00 00 Value_0).tif
06/06/07,2.66,Inundation Boundary (06JUN2007 00 00 00 Value_0).tif
07/06/07,2.58,Inundation Boundary (07JUN2007 00 00 00 Value_0).tif
08/06/07,2.4,Inundation Boundary (08JUN2007 00 00 00 Value_0).tif
09/06/07,2.36,Inundation Boundary (09JUN2007 00 00 00 Value_0).tif
10/06/07,2.32,Inundation Boundary (10JUN2007 00 00 00 Value_0).tif
11/06/07,2.27,Inundation Boundary (11JUN2007 00 00 00 Value_0).tif
12/06/07,2.23,Inundation Boundary (12JUN2007 00 00 00 Value_0).tif
13/06/07,2.2,Inundation Boundary (13JUN2007 00 00 00 Value_0).tif
14/06/07,2.18,Inundation Boundary (14JUN2007 00 00 00 Value_0).tif
15/06/07,2.19,Inundation Boundary (15JUN2007 00 00 00 Value_0).tif
16/06/07,2.3,Inundation Boundary (16JUN2007 00 00 00 Value_0).tif
17/06/07,2.58,Inundation Boundary (17JUN2007 00 00 00 Value_0).tif
18/06/07,2.57,Inundation Boundary (18JUN2007 00 00 00 Value_0).tif
19/06/07,2.47,Inundation Boundary (19JUN2007 00 00 00 Value_0).tif
20/06/07,2.735,Inundation Boundary (20JUN2007 00 00 00 Value_0).tif
21/06/07,2.7,Inundation Boundary (21JUN2007 00 00 00 Value_0).tif
22/06/07,2.865,Inundation Boundary (22JUN2007 00 00 00 Value_0).tif
23/06/07,2.72,Inundation Boundary (23JUN2007 00 00 00 Value_0).tif
24/06/07,2.61,Inundation Boundary (24JUN2007 00 00 00 Value_0).tif
25/06/07,2.6,Inundation Boundary (25JUN2007 00 00 00 Value_0).tif
26/06/07,2.57,Inundation Boundary (26JUN2007 00 00 00 Value_0).tif
27/06/07,2.55,Inundation Boundary (27JUN2007 00 00 00 Value_0).tif
28/06/07,2.52,Inundation Boundary (28JUN2007 00 00 00 Value_0).tif
29/06/07,2.805,Inundation Boundary (29JUN2007 00 00 00 Value_0).tif
30/06/07,2.78,Inundation Boundary (30JUN2007 00 00 00 Value_0).tif
01/07/07,2.81,Inundation Boundary (01JUL2007 00 00 00 Value_0).tif
02/07/07,2.77,Inundation Boundary (02JUL2007 00 00 00 Value_0).tif
03/07/07,2.885,Inundation Boundary (03JUL2007 00 00 00 Value_0).tif
04/07/07,2.78,Inundation Boundary (04JUL2007 00 00 00 Value_0).tif
05/07/07,2.68,Inundation Boundary (05JUL2007 00 00 00 Value_0).tif
06/07/07,2.62,Inundation Boundary (06JUL2007 00 00 00 Value_0).tif
07/07/07,2.67,Inundation Boundary (07JUL2007 00 00 00 Value_0).tif
08/07/07,2,Inundation Boundary (08JUL2007 00 00 00 Value_0).tif
09/07/07,9.8,Inundation Boundary (09JUL2007 00 00 00 Value_0).tif
10/07/07,5.78,Inundation Boundary (10JUL2007 00 00 00 Value_0).tif
11/07/07,4.33,Inundation Boundary (11JUL2007 00 00 00 Value_0).tif
12/07/07,3.76,Inundation Boundary (12JUL2007 00 00 00 Value_0).tif
13/07/07,3.455,Inundation Boundary (13JUL2007 00 00 00 Value_0).tif
14/07/07,3.5,Inundation Boundary (14JUL2007 00 00 00 Value_0).tif
15/07/07,3.31,Inundation Boundary (15JUL2007 00 00 00 Value_0).tif
16/07/07,3.4,Inundation Boundary (16JUL2007 00 00 00 Value_0).tif
17/07/07,4,Inundation Boundary (17JUL2007 00 00 00 Value_0).tif
18/07/07,4,Inundation Boundary (18JUL2007 00 00 00 Value_0).tif
19/07/07,3.695,Inundation Boundary (19JUL2007 00 00 00 Value_0).tif
20/07/07,3.39,Inundation Boundary (20JUL2007 00 00 00 Value_0).tif
21/07/07,3.255,Inundation Boundary (21JUL2007 00 00 00 Value_0).tif
22/07/07,3.21,Inundation Boundary (22JUL2007 00 00 00 Value_0).tif
23/07/07,3.19,Inundation Boundary (23JUL2007 00 00 00 Value_0).tif
24/07/07,3.14,Inundation Boundary (24JUL2007 00 00 00 Value_0).tif
25/07/07,3.09,Inundation Boundary (25JUL2007 00 00 00 Value_0).tif
26/07/07,3.11,Inundation Boundary (26JUL2007 00 00 00 Value_0).tif
27/07/07,3.305,Inundation Boundary (27JUL2007 00 00 00 Value_0).tif
28/07/07,3.6,Inundation Boundary (28JUL2007 00 00 00 Value_0).tif
29/07/07,4.1,Inundation Boundary (29JUL2007 00 00 00 Value_0).tif
30/07/07,4.28,Inundation Boundary (30JUL2007 00 00 00 Value_0).tif
31/07/07,4.3,Inundation Boundary (31JUL2007 00 00 00 Value_0).tif
01/08/07,3.96,Inundation Boundary (01AUG2007 00 00 00 Value_0).tif
02/08/07,3.905,Inundation Boundary (02AUG2007 00 00 00 Value_0).tif
03/08/07,3.95,Inundation Boundary (03AUG2007 00 00 00 Value_0).tif
04/08/07,4.74,Inundation Boundary (04AUG2007 00 00 00 Value_0).tif
05/08/07,4.57,Inundation Boundary (05AUG2007 00 00 00 Value_0).tif
06/08/07,4.17,Inundation Boundary (06AUG2007 00 00 00 Value_0).tif
07/08/07,3.8,Inundation Boundary (07AUG2007 00 00 00 Value_0).tif
08/08/07,6.675,Inundation Boundary (08AUG2007 00 00 00 Value_0).tif
09/08/07,6.3,Inundation Boundary (09AUG2007 00 00 00 Value_0).tif
10/08/07,4.55,Inundation Boundary (10AUG2007 00 00 00 Value_0).tif
11/08/07,3.925,Inundation Boundary (11AUG2007 00 00 00 Value_0).tif
12/08/07,3.73,Inundation Boundary (12AUG2007 00 00 00 Value_0).tif
13/08/07,3.63,Inundation Boundary (13AUG2007 00 00 00 Value_0).tif
14/08/07,3.56,Inundation Boundary (14AUG2007 00 00 00 Value_0).tif
15/08/07,3.56,Inundation Boundary (15AUG2007 00 00 00 Value_0).tif
16/08/07,3.47,Inundation Boundary (16AUG2007 00 00 00 Value_0).tif
17/08/07,3.37,Inundation Boundary (17AUG2007 00 00 00 Value_0).tif
18/08/07,3.34,Inundation Boundary (18AUG2007 00 00 00 Value_0).tif
19/08/07,3.33,Inundation Boundary (19AUG2007 00 00 00 Value_0).tif
20/08/07,3.32,Inundation Boundary (20AUG2007 00 00 00 Value_0).tif
21/08/07,3.34,Inundation Boundary (21AUG2007 00 00 00 Value_0).tif
22/08/07,3.41,Inundation Boundary (22AUG2007 00 00 00 Value_0).tif
23/08/07,3.61,Inundation Boundary (23AUG2007 00 00 00 Value_0).tif
24/08/07,4.125,Inundation Boundary (24AUG2007 00 00 00 Value_0).tif
25/08/07,3.91,Inundation Boundary (25AUG2007 00 00 00 Value_0).tif
26/08/07,3.67,Inundation Boundary (26AUG2007 00 00 00 Value_0).tif
27/08/07,3.68,Inundation Boundary (27AUG2007 00 00 00 Value_0).tif
28/08/07,3.64,Inundation Boundary (28AUG2007 00 00 00 Value_0).tif
29/08/07,4.005,Inundation Boundary (29AUG2007 00 00 00 Value_0).tif
30/08/07,4.015,Inundation Boundary (30AUG2007 00 00 00 Value_0).tif
31/08/07,3.905,Inundation Boundary (31AUG2007 00 00 00 Value_0).tif
01/09/07,3.62,Inundation Boundary (01SEP2007 00 00 00 Value_0).tif
02/09/07,3.55,Inundation Boundary (02SEP2007 00 00 00 Value_0).tif
03/09/07,3.67,Inundation Boundary (03SEP2007 00 00 00 Value_0).tif
04/09/07,3.83,Inundation Boundary (04SEP2007 00 00 00 Value_0).tif
05/09/07,3.63,Inundation Boundary (05SEP2007 00 00 00 Value_0).tif
06/09/07,3.68,Inundation Boundary (06SEP2007 00 00 00 Value_0).tif
07/09/07,5.94,Inundation Boundary (07SEP2007 00 00 00 Value_0).tif
08/09/07,4.415,Inundation Boundary (08SEP2007 00 00 00 Value_0).tif
09/09/07,4.46,Inundation Boundary (09SEP2007 00 00 00 Value_0).tif
10/09/07,4.56,Inundation Boundary (10SEP2007 00 00 00 Value_0).tif
11/09/07,4.055,Inundation Boundary (11SEP2007 00 00 00 Value_0).tif
12/09/07,3.785,Inundation Boundary (12SEP2007 00 00 00 Value_0).tif
13/09/07,3.605,Inundation Boundary (13SEP2007 00 00 00 Value_0).tif
14/09/07,3.615,Inundation Boundary (14SEP2007 00 00 00 Value_0).tif
15/09/07,3.61,Inundation Boundary (15SEP2007 00 00 00 Value_0).tif
16/09/07,3.57,Inundation Boundary (16SEP2007 00 00 00 Value_0).tif
17/09/07,3.45,Inundation Boundary (17SEP2007 00 00 00 Value_0).tif
18/09/07,3.39,Inundation Boundary (18SEP2007 00 00 00 Value_0).tif
19/09/07,3.375,Inundation Boundary (19SEP2007 00 00 00 Value_0).tif
20/09/07,3.3,Inundation Boundary (20SEP2007 00 00 00 Value_0).tif
21/09/07,3.485,Inundation Boundary (21SEP2007 00 00 00 Value_0).tif
22/09/07,3.51,Inundation Boundary (22SEP2007 00 00 00 Value_0).tif
23/09/07,3.64,Inundation Boundary (23SEP2007 00 00 00 Value_0).tif
24/09/07,3.575,Inundation Boundary (24SEP2007 00 00 00 Value_0).tif
25/09/07,3.375,Inundation Boundary (25SEP2007 00 00 00 Value_0).tif
26/09/07,3.315,Inundation Boundary (26SEP2007 00 00 00 Value_0).tif
27/09/07,3.215,Inundation Boundary (27SEP2007 00 00 00 Value_0).tif
28/09/07,3.15,Inundation Boundary (28SEP2007 00 00 00 Value_0).tif
29/09/07,3.21,Inundation Boundary (29SEP2007 00 00 00 Value_0).tif
30/09/07,3.16,Inundation Boundary (30SEP2007 00 00 00 Value_0).tif
01/06/08,2.31,Inundation Boundary (01JUN2008 00 00 00 Value_0).tif
02/06/08,2.42,Inundation Boundary (02JUN2008 00 00 00 Value_0).tif
03/06/08,2.43,Inundation Boundary (03JUN2008 00 00 00 Value_0).tif
04/06/08,2.45,Inundation Boundary (04JUN2008 00 00 00 Value_0).tif
05/06/08,2.46,Inundation Boundary (05JUN2008 00 00 00 Value_0).tif
06/06/08,2.47,Inundation Boundary (06JUN2008 00 00 00 Value_0).tif
07/06/08,2.48,Inundation Boundary (07JUN2008 00 00 00 Value_0).tif
08/06/08,2.5,Inundation Boundary (08JUN2008 00 00 00 Value_0).tif
09/06/08,2.51,Inundation Boundary (09JUN2008 00 00 00 Value_0).tif
10/06/08,2.52,Inundation Boundary (10JUN2008 00 00 00 Value_0).tif
11/06/08,2.52,Inundation Boundary (11JUN2008 00 00 00 Value_0).tif
12/06/08,2.56,Inundation Boundary (12JUN2008 00 00 00 Value_0).tif
13/06/08,2.57,Inundation Boundary (13JUN2008 00 00 00 Value_0).tif
14/06/08,2.78,Inundation Boundary (14JUN2008 00 00 00 Value_0).tif
15/06/08,2.7,Inundation Boundary (15JUN2008 00 00 00 Value_0).tif
16/06/08,2.6,Inundation Boundary (16JUN2008 00 00 00 Value_0).tif
17/06/08,2.59,Inundation Boundary (17JUN2008 00 00 00 Value_0).tif
18/06/08,2.64,Inundation Boundary (18JUN2008 00 00 00 Value_0).tif
19/06/08,2.66,Inundation Boundary (19JUN2008 00 00 00 Value_0).tif
20/06/08,2.66,Inundation Boundary (20JUN2008 00 00 00 Value_0).tif
21/06/08,2.77,Inundation Boundary (21JUN2008 00 00 00 Value_0).tif
22/06/08,2.83,Inundation Boundary (22JUN2008 00 00 00 Value_0).tif
23/06/08,3.01,Inundation Boundary (23JUN2008 00 00 00 Value_0).tif
24/06/08,3.425,Inundation Boundary (24JUN2008 00 00 00 Value_0).tif
25/06/08,3.43,Inundation Boundary (25JUN2008 00 00 00 Value_0).tif
26/06/08,3.28,Inundation Boundary (26JUN2008 00 00 00 Value_0).tif
27/06/08,3.2,Inundation Boundary (27JUN2008 00 00 00 Value_0).tif
28/06/08,3.13,Inundation Boundary (28JUN2008 00 00 00 Value_0).tif
29/06/08,3.1,Inundation Boundary (29JUN2008 00 00 00 Value_0).tif
30/06/08,3.405,Inundation Boundary (30JUN2008 00 00 00 Value_0).tif
01/07/08,4.39,Inundation Boundary (01JUL2008 00 00 00 Value_0).tif
02/07/08,4.14,Inundation Boundary (02JUL2008 00 00 00 Value_0).tif
03/07/08,3.76,Inundation Boundary (03JUL2008 00 00 00 Value_0).tif
04/07/08,3.365,Inundation Boundary (04JUL2008 00 00 00 Value_0).tif
05/07/08,3.195,Inundation Boundary (05JUL2008 00 00 00 Value_0).tif
06/07/08,3.12,Inundation Boundary (06JUL2008 00 00 00 Value_0).tif
07/07/08,3.05,Inundation Boundary (07JUL2008 00 00 00 Value_0).tif
08/07/08,3.05,Inundation Boundary (08JUL2008 00 00 00 Value_0).tif
09/07/08,3.07,Inundation Boundary (09JUL2008 00 00 00 Value_0).tif
10/07/08,3.55,Inundation Boundary (10JUL2008 00 00 00 Value_0).tif
11/07/08,4.74,Inundation Boundary (11JUL2008 00 00 00 Value_0).tif
12/07/08,4.8,Inundation Boundary (12JUL2008 00 00 00 Value_0).tif
13/07/08,4.24,Inundation Boundary (13JUL2008 00 00 00 Value_0).tif
14/07/08,3.93,Inundation Boundary (14JUL2008 00 00 00 Value_0).tif
15/07/08,3.745,Inundation Boundary (15JUL2008 00 00 00 Value_0).tif
16/07/08,3.535,Inundation Boundary (16JUL2008 00 00 00 Value_0).tif
17/07/08,3.36,Inundation Boundary (17JUL2008 00 00 00 Value_0).tif
18/07/08,3.26,Inundation Boundary (18JUL2008 00 00 00 Value_0).tif
19/07/08,3.18,Inundation Boundary (19JUL2008 00 00 00 Value_0).tif
20/07/08,3.12,Inundation Boundary (20JUL2008 00 00 00 Value_0).tif
21/07/08,3.08,Inundation Boundary (21JUL2008 00 00 00 Value_0).tif
22/07/08,3.07,Inundation Boundary (22JUL2008 00 00 00 Value_0).tif
23/07/08,3.04,Inundation Boundary (23JUL2008 00 00 00 Value_0).tif
24/07/08,3.09,Inundation Boundary (24JUL2008 00 00 00 Value_0).tif
25/07/08,3.28,Inundation Boundary (25JUL2008 00 00 00 Value_0).tif
26/07/08,3.2,Inundation Boundary (26JUL2008 00 00 00 Value_0).tif
27/07/08,3.33,Inundation Boundary (27JUL2008 00 00 00 Value_0).tif
28/07/08,3.435,Inundation Boundary (28JUL2008 00 00 00 Value_0).tif
29/07/08,3.47,Inundation Boundary (29JUL2008 00 00 00 Value_0).tif
30/07/08,3.45,Inundation Boundary (30JUL2008 00 00 00 Value_0).tif
31/07/08,3.55,Inundation Boundary (31JUL2008 00 00 00 Value_0).tif
01/08/08,4,Inundation Boundary (01AUG2008 00 00 00 Value_0).tif
02/08/08,7.99,Inundation Boundary (02AUG2008 00 00 00 Value_0).tif
03/08/08,7.7,Inundation Boundary (03AUG2008 00 00 00 Value_0).tif
04/08/08,5.63,Inundation Boundary (04AUG2008 00 00 00 Value_0).tif
05/08/08,4.96,Inundation Boundary (05AUG2008 00 00 00 Value_0).tif
06/08/08,4.665,Inundation Boundary (06AUG2008 00 00 00 Value_0).tif
07/08/08,4.81,Inundation Boundary (07AUG2008 00 00 00 Value_0).tif
08/08/08,4.58,Inundation Boundary (08AUG2008 00 00 00 Value_0).tif
09/08/08,4.1,Inundation Boundary (09AUG2008 00 00 00 Value_0).tif
10/08/08,4.05,Inundation Boundary (10AUG2008 00 00 00 Value_0).tif
11/08/08,4.27,Inundation Boundary (11AUG2008 00 00 00 Value_0).tif
12/08/08,5.625,Inundation Boundary (12AUG2008 00 00 00 Value_0).tif
13/08/08,5.98,Inundation Boundary (13AUG2008 00 00 00 Value_0).tif
14/08/08,5.15,Inundation Boundary (14AUG2008 00 00 00 Value_0).tif
15/08/08,4.6,Inundation Boundary (15AUG2008 00 00 00 Value_0).tif
16/08/08,4.22,Inundation Boundary (16AUG2008 00 00 00 Value_0).tif
17/08/08,3.98,Inundation Boundary (17AUG2008 00 00 00 Value_0).tif
18/08/08,3.73,Inundation Boundary (18AUG2008 00 00 00 Value_0).tif
19/08/08,3.525,Inundation Boundary (19AUG2008 00 00 00 Value_0).tif
20/08/08,3.34,Inundation Boundary (20AUG2008 00 00 00 Value_0).tif
21/08/08,3.28,Inundation Boundary (21AUG2008 00 00 00 Value_0).tif
22/08/08,3.24,Inundation Boundary (22AUG2008 00 00 00 Value_0).tif
23/08/08,3.21,Inundation Boundary (23AUG2008 00 00 00 Value_0).tif
24/08/08,3.18,Inundation Boundary (24AUG2008 00 00 00 Value_0).tif
25/08/08,3.22,Inundation Boundary (25AUG2008 00 00 00 Value_0).tif
26/08/08,3.25,Inundation Boundary (26AUG2008 00 00 00 Value_0).tif
27/08/08,3.365,Inundation Boundary (27AUG2008 00 00 00 Value_0).tif
28/08/08,3.61,Inundation Boundary (28AUG2008 00 00 00 Value_0).tif
29/08/08,3.395,Inundation Boundary (29AUG2008 00 00 00 Value_0).tif
30/08/08,3.35,Inundation Boundary (30AUG2008 00 00 00 Value_0).tif
31/08/08,3.31,Inundation Boundary (31AUG2008 00 00 00 Value_0).tif
01/09/08,3.24,Inundation Boundary (01SEP2008 00 00 00 Value_0).tif
02/09/08,3.18,Inundation Boundary (02SEP2008 00 00 00 Value_0).tif
03/09/08,3.18,Inundation Boundary (03SEP2008 00 00 00 Value_0).tif
04/09/08,3.16,Inundation Boundary (04SEP2008 00 00 00 Value_0).tif
05/09/08,3.18,Inundation Boundary (05SEP2008 00 00 00 Value_0).tif
06/09/08,3.19,Inundation Boundary (06SEP2008 00 00 00 Value_0).tif
07/09/08,3.14,Inundation Boundary (07SEP2008 00 00 00 Value_0).tif
08/09/08,3.15,Inundation Boundary (08SEP2008 00 00 00 Value_0).tif
09/09/08,3.3,Inundation Boundary (09SEP2008 00 00 00 Value_0).tif
10/09/08,3.235,Inundation Boundary (10SEP2008 00 00 00 Value_0).tif
11/09/08,3.17,Inundation Boundary (11SEP2008 00 00 00 Value_0).tif
12/09/08,3.285,Inundation Boundary (12SEP2008 00 00 00 Value_0).tif
13/09/08,3.21,Inundation Boundary (13SEP2008 00 00 00 Value_0).tif
14/09/08,3.16,Inundation Boundary (14SEP2008 00 00 00 Value_0).tif
15/09/08,3.09,Inundation Boundary (15SEP2008 00 00 00 Value_0).tif
16/09/08,3.09,Inundation Boundary (16SEP2008 00 00 00 Value_0).tif
17/09/08,3.05,Inundation Boundary (17SEP2008 00 00 00 Value_0).tif
18/09/08,2.98,Inundation Boundary (18SEP2008 00 00 00 Value_0).tif
19/09/08,3.11,Inundation Boundary (19SEP2008 00 00 00 Value_0).tif
20/09/08,3.34,Inundation Boundary (20SEP2008 00 00 00 Value_0).tif
21/09/08,3.46,Inundation Boundary (21SEP2008 00 00 00 Value_0).tif
22/09/08,3.6,Inundation Boundary (22SEP2008 00 00 00 Value_0).tif
23/09/08,3.445,Inundation Boundary (23SEP2008 00 00 00 Value_0).tif
24/09/08,3.36,Inundation Boundary (24SEP2008 00 00 00 Value_0).tif
25/09/08,3.31,Inundation Boundary (25SEP2008 00 00 00 Value_0).tif
26/09/08,3.25,Inundation Boundary (26SEP2008 00 00 00 Value_0).tif
27/09/08,3.21,Inundation Boundary (27SEP2008 00 00 00 Value_0).tif
28/09/08,3.15,Inundation Boundary (28SEP2008 00 00 00 Value_0).tif
29/09/08,3.13,Inundation Boundary (29SEP2008 00 00 00 Value_0).tif
30/09/08,3.11,Inundation Boundary (30SEP2008 00 00 00 Value_0).tif
01/06/09,2.62,Inundation Boundary (01JUN2009 00 00 00 Value_0).tif
02/06/09,2.58,Inundation Boundary (02JUN2009 00 00 00 Value_0).tif
03/06/09,2.58,Inundation Boundary (03JUN2009 00 00 00 Value_0).tif
04/06/09,2.58,Inundation Boundary (04JUN2009 00 00 00 Value_0).tif
05/06/09,2.52,Inundation Boundary (05JUN2009 00 00 00 Value_0).tif
06/06/09,2.5,Inundation Boundary (06JUN2009 00 00 00 Value_0).tif
07/06/09,2.43,Inundation Boundary (07JUN2009 00 00 00 Value_0).tif
08/06/09,2.41,Inundation Boundary (08JUN2009 00 00 00 Value_0).tif
09/06/09,2.43,Inundation Boundary (09JUN2009 00 00 00 Value_0).tif
10/06/09,2.4,Inundation Boundary (10JUN2009 00 00 00 Value_0).tif
11/06/09,2.42,Inundation Boundary (11JUN2009 00 00 00 Value_0).tif
12/06/09,2.55,Inundation Boundary (12JUN2009 00 00 00 Value_0).tif
13/06/09,2.72,Inundation Boundary (13JUN2009 00 00 00 Value_0).tif
14/06/09,2.8,Inundation Boundary (14JUN2009 00 00 00 Value_0).tif
15/06/09,2.7,Inundation Boundary (15JUN2009 00 00 00 Value_0).tif
16/06/09,2.54,Inundation Boundary (16JUN2009 00 00 00 Value_0).tif
17/06/09,2.42,Inundation Boundary (17JUN2009 00 00 00 Value_0).tif
18/06/09,2.36,Inundation Boundary (18JUN2009 00 00 00 Value_0).tif
19/06/09,2.37,Inundation Boundary (19JUN2009 00 00 00 Value_0).tif
20/06/09,2.35,Inundation Boundary (20JUN2009 00 00 00 Value_0).tif
21/06/09,2.42,Inundation Boundary (21JUN2009 00 00 00 Value_0).tif
22/06/09,2.49,Inundation Boundary (22JUN2009 00 00 00 Value_0).tif
23/06/09,2.5,Inundation Boundary (23JUN2009 00 00 00 Value_0).tif
24/06/09,2.44,Inundation Boundary (24JUN2009 00 00 00 Value_0).tif
25/06/09,2.39,Inundation Boundary (25JUN2009 00 00 00 Value_0).tif
26/06/09,2.36,Inundation Boundary (26JUN2009 00 00 00 Value_0).tif
27/06/09,2.47,Inundation Boundary (27JUN2009 00 00 00 Value_0).tif
28/06/09,2.44,Inundation Boundary (28JUN2009 00 00 00 Value_0).tif
29/06/09,2.39,Inundation Boundary (29JUN2009 00 00 00 Value_0).tif
30/06/09,2.32,Inundation Boundary (30JUN2009 00 00 00 Value_0).tif
01/07/09,2.26,Inundation Boundary (01JUL2009 00 00 00 Value_0).tif
02/07/09,2.24,Inundation Boundary (02JUL2009 00 00 00 Value_0).tif
03/07/09,2.21,Inundation Boundary (03JUL2009 00 00 00 Value_0).tif
04/07/09,2.21,Inundation Boundary (04JUL2009 00 00 00 Value_0).tif
05/07/09,2.34,Inundation Boundary (05JUL2009 00 00 00 Value_0).tif
06/07/09,2.43,Inundation Boundary (06JUL2009 00 00 00 Value_0).tif
07/07/09,2.46,Inundation Boundary (07JUL2009 00 00 00 Value_0).tif
08/07/09,3,Inundation Boundary (08JUL2009 00 00 00 Value_0).tif
09/07/09,2.95,Inundation Boundary (09JUL2009 00 00 00 Value_0).tif
10/07/09,3.44,Inundation Boundary (10JUL2009 00 00 00 Value_0).tif
11/07/09,3.16,Inundation Boundary (11JUL2009 00 00 00 Value_0).tif
12/07/09,2.99,Inundation Boundary (12JUL2009 00 00 00 Value_0).tif
13/07/09,3.06,Inundation Boundary (13JUL2009 00 00 00 Value_0).tif
14/07/09,2.95,Inundation Boundary (14JUL2009 00 00 00 Value_0).tif
15/07/09,3.04,Inundation Boundary (15JUL2009 00 00 00 Value_0).tif
16/07/09,3.08,Inundation Boundary (16JUL2009 00 00 00 Value_0).tif
17/07/09,4.71,Inundation Boundary (17JUL2009 00 00 00 Value_0).tif
18/07/09,4.16,Inundation Boundary (18JUL2009 00 00 00 Value_0).tif
19/07/09,3.69,Inundation Boundary (19JUL2009 00 00 00 Value_0).tif
20/07/09,3.4,Inundation Boundary (20JUL2009 00 00 00 Value_0).tif
21/07/09,3.33,Inundation Boundary (21JUL2009 00 00 00 Value_0).tif
22/07/09,6.55,Inundation Boundary (22JUL2009 00 00 00 Value_0).tif
23/07/09,10.64,Inundation Boundary (23JUL2009 00 00 00 Value_0).tif
24/07/09,7.27,Inundation Boundary (24JUL2009 00 00 00 Value_0).tif
25/07/09,4.865,Inundation Boundary (25JUL2009 00 00 00 Value_0).tif
26/07/09,3.98,Inundation Boundary (26JUL2009 00 00 00 Value_0).tif
27/07/09,3.58,Inundation Boundary (27JUL2009 00 00 00 Value_0).tif
28/07/09,3.32,Inundation Boundary (28JUL2009 00 00 00 Value_0).tif
29/07/09,3.27,Inundation Boundary (29JUL2009 00 00 00 Value_0).tif
30/07/09,3.07,Inundation Boundary (30JUL2009 00 00 00 Value_0).tif
31/07/09,3.04,Inundation Boundary (31JUL2009 00 00 00 Value_0).tif
01/08/09,2.94,Inundation Boundary (01AUG2009 00 00 00 Value_0).tif
02/08/09,2.85,Inundation Boundary (02AUG2009 00 00 00 Value_0).tif
03/08/09,2.72,Inundation Boundary (03AUG2009 00 00 00 Value_0).tif
04/08/09,2.69,Inundation Boundary (04AUG2009 00 00 00 Value_0).tif
05/08/09,2.77,Inundation Boundary (05AUG2009 00 00 00 Value_0).tif
06/08/09,2.72,Inundation Boundary (06AUG2009 00 00 00 Value_0).tif
07/08/09,2.7,Inundation Boundary (07AUG2009 00 00 00 Value_0).tif
08/08/09,2.73,Inundation Boundary (08AUG2009 00 00 00 Value_0).tif
09/08/09,2.72,Inundation Boundary (09AUG2009 00 00 00 Value_0).tif
10/08/09,2.68,Inundation Boundary (10AUG2009 00 00 00 Value_0).tif
11/08/09,2.58,Inundation Boundary (11AUG2009 00 00 00 Value_0).tif
12/08/09,2.5,Inundation Boundary (12AUG2009 00 00 00 Value_0).tif
13/08/09,2.53,Inundation Boundary (13AUG2009 00 00 00 Value_0).tif
14/08/09,3.08,Inundation Boundary (14AUG2009 00 00 00 Value_0).tif
15/08/09,3.03,Inundation Boundary (15AUG2009 00 00 00 Value_0).tif
16/08/09,3,Inundation Boundary (16AUG2009 00 00 00 Value_0).tif
17/08/09,2.91,Inundation Boundary (17AUG2009 00 00 00 Value_0).tif
18/08/09,2.825,Inundation Boundary (18AUG2009 00 00 00 Value_0).tif
19/08/09,2.81,Inundation Boundary (19AUG2009 00 00 00 Value_0).tif
20/08/09,2.7,Inundation Boundary (20AUG2009 00 00 00 Value_0).tif
21/08/09,2.61,Inundation Boundary (21AUG2009 00 00 00 Value_0).tif
22/08/09,2.56,Inundation Boundary (22AUG2009 00 00 00 Value_0).tif
23/08/09,2.83,Inundation Boundary (23AUG2009 00 00 00 Value_0).tif
24/08/09,2.85,Inundation Boundary (24AUG2009 00 00 00 Value_0).tif
25/08/09,2.71,Inundation Boundary (25AUG2009 00 00 00 Value_0).tif
26/08/09,2.66,Inundation Boundary (26AUG2009 00 00 00 Value_0).tif
27/08/09,2.62,Inundation Boundary (27AUG2009 00 00 00 Value_0).tif
28/08/09,3.05,Inundation Boundary (28AUG2009 00 00 00 Value_0).tif
29/08/09,3.98,Inundation Boundary (29AUG2009 00 00 00 Value_0).tif
30/08/09,3.21,Inundation Boundary (30AUG2009 00 00 00 Value_0).tif
31/08/09,3.615,Inundation Boundary (31AUG2009 00 00 00 Value_0).tif
01/09/09,3.57,Inundation Boundary (01SEP2009 00 00 00 Value_0).tif
02/09/09,3.72,Inundation Boundary (02SEP2009 00 00 00 Value_0).tif
03/09/09,4.59,Inundation Boundary (03SEP2009 00 00 00 Value_0).tif
04/09/09,4.245,Inundation Boundary (04SEP2009 00 00 00 Value_0).tif
05/09/09,4.11,Inundation Boundary (05SEP2009 00 00 00 Value_0).tif
06/09/09,4.56,Inundation Boundary (06SEP2009 00 00 00 Value_0).tif
07/09/09,4.57,Inundation Boundary (07SEP2009 00 00 00 Value_0).tif
08/09/09,4.375,Inundation Boundary (08SEP2009 00 00 00 Value_0).tif
09/09/09,6,Inundation Boundary (09SEP2009 00 00 00 Value_0).tif
10/09/09,14.89,Inundation Boundary (10SEP2009 00 00 00 Value_0).tif
11/09/09,13.63,Inundation Boundary (11SEP2009 00 00 00 Value_0).tif
12/09/09,9.01,Inundation Boundary (12SEP2009 00 00 00 Value_0).tif
13/09/09,6.28,Inundation Boundary (13SEP2009 00 00 00 Value_0).tif
14/09/09,5.175,Inundation Boundary (14SEP2009 00 00 00 Value_0).tif
15/09/09,4.615,Inundation Boundary (15SEP2009 00 00 00 Value_0).tif
16/09/09,4.26,Inundation Boundary (16SEP2009 00 00 00 Value_0).tif
17/09/09,4.03,Inundation Boundary (17SEP2009 00 00 00 Value_0).tif
18/09/09,3.835,Inundation Boundary (18SEP2009 00 00 00 Value_0).tif
19/09/09,3.69,Inundation Boundary (19SEP2009 00 00 00 Value_0).tif
20/09/09,3.58,Inundation Boundary (20SEP2009 00 00 00 Value_0).tif
21/09/09,3.48,Inundation Boundary (21SEP2009 00 00 00 Value_0).tif
22/09/09,3.31,Inundation Boundary (22SEP2009 00 00 00 Value_0).tif
23/09/09,3.25,Inundation Boundary (23SEP2009 00 00 00 Value_0).tif
24/09/09,3.2,Inundation Boundary (24SEP2009 00 00 00 Value_0).tif
25/09/09,3.18,Inundation Boundary (25SEP2009 00 00 00 Value_0).tif
26/09/09,3.1,Inundation Boundary (26SEP2009 00 00 00 Value_0).tif
27/09/09,3.04,Inundation Boundary (27SEP2009 00 00 00 Value_0).tif
28/09/09,3.02,Inundation Boundary (28SEP2009 00 00 00 Value_0).tif
29/09/09,3.04,Inundation Boundary (29SEP2009 00 00 00 Value_0).tif
30/09/09,3.01,Inundation Boundary (30SEP2009 00 00 00 Value_0).tif
01/06/10,2.48,Inundation Boundary (01JUN2010 00 00 00 Value_0).tif
02/06/10,2.47,Inundation Boundary (02JUN2010 00 00 00 Value_0).tif
03/06/10,2.49,Inundation Boundary (03JUN2010 00 00 00 Value_0).tif
04/06/10,2.51,Inundation Boundary (04JUN2010 00 00 00 Value_0).tif
05/06/10,2.51,Inundation Boundary (05JUN2010 00 00 00 Value_0).tif
06/06/10,2.58,Inundation Boundary (06JUN2010 00 00 00 Value_0).tif
07/06/10,2.58,Inundation Boundary (07JUN2010 00 00 00 Value_0).tif
08/06/10,2.58,Inundation Boundary (08JUN2010 00 00 00 Value_0).tif
09/06/10,2.58,Inundation Boundary (09JUN2010 00 00 00 Value_0).tif
10/06/10,2.58,Inundation Boundary (10JUN2010 00 00 00 Value_0).tif
11/06/10,2.59,Inundation Boundary (11JUN2010 00 00 00 Value_0).tif
12/06/10,2.6,Inundation Boundary (12JUN2010 00 00 00 Value_0).tif
13/06/10,2.62,Inundation Boundary (13JUN2010 00 00 00 Value_0).tif
14/06/10,2.62,Inundation Boundary (14JUN2010 00 00 00 Value_0).tif
15/06/10,2.62,Inundation Boundary (15JUN2010 00 00 00 Value_0).tif
16/06/10,2.81,Inundation Boundary (16JUN2010 00 00 00 Value_0).tif
17/06/10,2.9,Inundation Boundary (17JUN2010 00 00 00 Value_0).tif
18/06/10,2.92,Inundation Boundary (18JUN2010 00 00 00 Value_0).tif
19/06/10,2.92,Inundation Boundary (19JUN2010 00 00 00 Value_0).tif
20/06/10,2.9,Inundation Boundary (20JUN2010 00 00 00 Value_0).tif
21/06/10,2.9,Inundation Boundary (21JUN2010 00 00 00 Value_0).tif
22/06/10,2.94,Inundation Boundary (22JUN2010 00 00 00 Value_0).tif
23/06/10,2.94,Inundation Boundary (23JUN2010 00 00 00 Value_0).tif
24/06/10,2.87,Inundation Boundary (24JUN2010 00 00 00 Value_0).tif
25/06/10,2.7,Inundation Boundary (25JUN2010 00 00 00 Value_0).tif
26/06/10,2.65,Inundation Boundary (26JUN2010 00 00 00 Value_0).tif
27/06/10,2.77,Inundation Boundary (27JUN2010 00 00 00 Value_0).tif
28/06/10,2.68,Inundation Boundary (28JUN2010 00 00 00 Value_0).tif
29/06/10,2.6,Inundation Boundary (29JUN2010 00 00 00 Value_0).tif
30/06/10,2.67,Inundation Boundary (30JUN2010 00 00 00 Value_0).tif
01/07/10,2.77,Inundation Boundary (01JUL2010 00 00 00 Value_0).tif
02/07/10,2.67,Inundation Boundary (02JUL2010 00 00 00 Value_0).tif
03/07/10,2.56,Inundation Boundary (03JUL2010 00 00 00 Value_0).tif
04/07/10,2.54,Inundation Boundary (04JUL2010 00 00 00 Value_0).tif
05/07/10,2.57,Inundation Boundary (05JUL2010 00 00 00 Value_0).tif
06/07/10,2.76,Inundation Boundary (06JUL2010 00 00 00 Value_0).tif
07/07/10,2.88,Inundation Boundary (07JUL2010 00 00 00 Value_0).tif
08/07/10,2.76,Inundation Boundary (08JUL2010 00 00 00 Value_0).tif
09/07/10,2.85,Inundation Boundary (09JUL2010 00 00 00 Value_0).tif
10/07/10,2.99,Inundation Boundary (10JUL2010 00 00 00 Value_0).tif
11/07/10,3.06,Inundation Boundary (11JUL2010 00 00 00 Value_0).tif
12/07/10,2.975,Inundation Boundary (12JUL2010 00 00 00 Value_0).tif
13/07/10,2.835,Inundation Boundary (13JUL2010 00 00 00 Value_0).tif
14/07/10,2.85,Inundation Boundary (14JUL2010 00 00 00 Value_0).tif
15/07/10,3.21,Inundation Boundary (15JUL2010 00 00 00 Value_0).tif
16/07/10,3.16,Inundation Boundary (16JUL2010 00 00 00 Value_0).tif
17/07/10,3.305,Inundation Boundary (17JUL2010 00 00 00 Value_0).tif
18/07/10,3.4,Inundation Boundary (18JUL2010 00 00 00 Value_0).tif
19/07/10,3.37,Inundation Boundary (19JUL2010 00 00 00 Value_0).tif
20/07/10,3.245,Inundation Boundary (20JUL2010 00 00 00 Value_0).tif
21/07/10,3.3,Inundation Boundary (21JUL2010 00 00 00 Value_0).tif
22/07/10,3.3,Inundation Boundary (22JUL2010 00 00 00 Value_0).tif
23/07/10,3.46,Inundation Boundary (23JUL2010 00 00 00 Value_0).tif
24/07/10,3.38,Inundation Boundary (24JUL2010 00 00 00 Value_0).tif
25/07/10,3.3,Inundation Boundary (25JUL2010 00 00 00 Value_0).tif
26/07/10,3.28,Inundation Boundary (26JUL2010 00 00 00 Value_0).tif
27/07/10,3.26,Inundation Boundary (27JUL2010 00 00 00 Value_0).tif
28/07/10,4.24,Inundation Boundary (28JUL2010 00 00 00 Value_0).tif
29/07/10,4.57,Inundation Boundary (29JUL2010 00 00 00 Value_0).tif
30/07/10,3.975,Inundation Boundary (30JUL2010 00 00 00 Value_0).tif
31/07/10,3.665,Inundation Boundary (31JUL2010 00 00 00 Value_0).tif
01/08/10,3.98,Inundation Boundary (01AUG2010 00 00 00 Value_0).tif
02/08/10,4.725,Inundation Boundary (02AUG2010 00 00 00 Value_0).tif
03/08/10,4.27,Inundation Boundary (03AUG2010 00 00 00 Value_0).tif
04/08/10,4.31,Inundation Boundary (04AUG2010 00 00 00 Value_0).tif
05/08/10,4.41,Inundation Boundary (05AUG2010 00 00 00 Value_0).tif
06/08/10,4.4,Inundation Boundary (06AUG2010 00 00 00 Value_0).tif
07/08/10,4.535,Inundation Boundary (07AUG2010 00 00 00 Value_0).tif
08/08/10,4.3,Inundation Boundary (08AUG2010 00 00 00 Value_0).tif
09/08/10,4.26,Inundation Boundary (09AUG2010 00 00 00 Value_0).tif
10/08/10,3.845,Inundation Boundary (10AUG2010 00 00 00 Value_0).tif
11/08/10,3.54,Inundation Boundary (11AUG2010 00 00 00 Value_0).tif
12/08/10,3.305,Inundation Boundary (12AUG2010 00 00 00 Value_0).tif
13/08/10,3.22,Inundation Boundary (13AUG2010 00 00 00 Value_0).tif
14/08/10,3.615,Inundation Boundary (14AUG2010 00 00 00 Value_0).tif
15/08/10,4.16,Inundation Boundary (15AUG2010 00 00 00 Value_0).tif
16/08/10,4.28,Inundation Boundary (16AUG2010 00 00 00 Value_0).tif
17/08/10,4.98,Inundation Boundary (17AUG2010 00 00 00 Value_0).tif
18/08/10,4.54,Inundation Boundary (18AUG2010 00 00 00 Value_0).tif
19/08/10,4.24,Inundation Boundary (19AUG2010 00 00 00 Value_0).tif
20/08/10,3.99,Inundation Boundary (20AUG2010 00 00 00 Value_0).tif
21/08/10,4.13,Inundation Boundary (21AUG2010 00 00 00 Value_0).tif
22/08/10,4.26,Inundation Boundary (22AUG2010 00 00 00 Value_0).tif
23/08/10,4.26,Inundation Boundary (23AUG2010 00 00 00 Value_0).tif
24/08/10,4.09,Inundation Boundary (24AUG2010 00 00 00 Value_0).tif
25/08/10,3.81,Inundation Boundary (25AUG2010 00 00 00 Value_0).tif
26/08/10,3.6,Inundation Boundary (26AUG2010 00 00 00 Value_0).tif
27/08/10,3.575,Inundation Boundary (27AUG2010 00 00 00 Value_0).tif
28/08/10,3.45,Inundation Boundary (28AUG2010 00 00 00 Value_0).tif
29/08/10,3.57,Inundation Boundary (29AUG2010 00 00 00 Value_0).tif
30/08/10,3.75,Inundation Boundary (30AUG2010 00 00 00 Value_0).tif
31/08/10,3.89,Inundation Boundary (31AUG2010 00 00 00 Value_0).tif
01/09/10,3.74,Inundation Boundary (01SEP2010 00 00 00 Value_0).tif
02/09/10,4.44,Inundation Boundary (02SEP2010 00 00 00 Value_0).tif
03/09/10,3.965,Inundation Boundary (03SEP2010 00 00 00 Value_0).tif
04/09/10,3.89,Inundation Boundary (04SEP2010 00 00 00 Value_0).tif
05/09/10,7.5,Inundation Boundary (05SEP2010 00 00 00 Value_0).tif
06/09/10,7.07,Inundation Boundary (06SEP2010 00 00 00 Value_0).tif
07/09/10,5.15,Inundation Boundary (07SEP2010 00 00 00 Value_0).tif
08/09/10,5.395,Inundation Boundary (08SEP2010 00 00 00 Value_0).tif
09/09/10,5.67,Inundation Boundary (09SEP2010 00 00 00 Value_0).tif
10/09/10,5.43,Inundation Boundary (10SEP2010 00 00 00 Value_0).tif
11/09/10,5.05,Inundation Boundary (11SEP2010 00 00 00 Value_0).tif
12/09/10,4.5,Inundation Boundary (12SEP2010 00 00 00 Value_0).tif
13/09/10,4.24,Inundation Boundary (13SEP2010 00 00 00 Value_0).tif
14/09/10,4.17,Inundation Boundary (14SEP2010 00 00 00 Value_0).tif
15/09/10,4.26,Inundation Boundary (15SEP2010 00 00 00 Value_0).tif
16/09/10,4.05,Inundation Boundary (16SEP2010 00 00 00 Value_0).tif
17/09/10,4.34,Inundation Boundary (17SEP2010 00 00 00 Value_0).tif
18/09/10,5,Inundation Boundary (18SEP2010 00 00 00 Value_0).tif
19/09/10,4.83,Inundation Boundary (19SEP2010 00 00 00 Value_0).tif
20/09/10,4.995,Inundation Boundary (20SEP2010 00 00 00 Value_0).tif
21/09/10,5.76,Inundation Boundary (21SEP2010 00 00 00 Value_0).tif
22/09/10,5.63,Inundation Boundary (22SEP2010 00 00 00 Value_0).tif
23/09/10,5.47,Inundation Boundary (23SEP2010 00 00 00 Value_0).tif
24/09/10,5.08,Inundation Boundary (24SEP2010 00 00 00 Value_0).tif
25/09/10,4.325,Inundation Boundary (25SEP2010 00 00 00 Value_0).tif
26/09/10,3.88,Inundation Boundary (26SEP2010 00 00 00 Value_0).tif
27/09/10,3.71,Inundation Boundary (27SEP2010 00 00 00 Value_0).tif
28/09/10,3.6,Inundation Boundary (28SEP2010 00 00 00 Value_0).tif
29/09/10,3.515,Inundation Boundary (29SEP2010 00 00 00 Value_0).tif
30/09/10,3.47,Inundation Boundary (30SEP2010 00 00 00 Value_0).tif
01/06/11,2.5,Inundation Boundary (01JUN2011 00 00 00 Value_0).tif
02/06/11,2.48,Inundation Boundary (02JUN2011 00 00 00 Value_0).tif
03/06/11,2.46,Inundation Boundary (03JUN2011 00 00 00 Value_0).tif
04/06/11,2.44,Inundation Boundary (04JUN2011 00 00 00 Value_0).tif
05/06/11,2.42,Inundation Boundary (05JUN2011 00 00 00 Value_0).tif
06/06/11,2.38,Inundation Boundary (06JUN2011 00 00 00 Value_0).tif
07/06/11,2.47,Inundation Boundary (07JUN2011 00 00 00 Value_0).tif
08/06/11,2.52,Inundation Boundary (08JUN2011 00 00 00 Value_0).tif
09/06/11,2.47,Inundation Boundary (09JUN2011 00 00 00 Value_0).tif
10/06/11,2.37,Inundation Boundary (10JUN2011 00 00 00 Value_0).tif
11/06/11,2.28,Inundation Boundary (11JUN2011 00 00 00 Value_0).tif
12/06/11,2.26,Inundation Boundary (12JUN2011 00 00 00 Value_0).tif
13/06/11,2.24,Inundation Boundary (13JUN2011 00 00 00 Value_0).tif
14/06/11,2.43,Inundation Boundary (14JUN2011 00 00 00 Value_0).tif
15/06/11,2.45,Inundation Boundary (15JUN2011 00 00 00 Value_0).tif
16/06/11,2.36,Inundation Boundary (16JUN2011 00 00 00 Value_0).tif
17/06/11,2.43,Inundation Boundary (17JUN2011 00 00 00 Value_0).tif
18/06/11,2.5,Inundation Boundary (18JUN2011 00 00 00 Value_0).tif
19/06/11,2.42,Inundation Boundary (19JUN2011 00 00 00 Value_0).tif
20/06/11,2.62,Inundation Boundary (20JUN2011 00 00 00 Value_0).tif
21/06/11,2.66,Inundation Boundary (21JUN2011 00 00 00 Value_0).tif
22/06/11,2.94,Inundation Boundary (22JUN2011 00 00 00 Value_0).tif
23/06/11,3.85,Inundation Boundary (23JUN2011 00 00 00 Value_0).tif
24/06/11,4.975,Inundation Boundary (24JUN2011 00 00 00 Value_0).tif
25/06/11,4.295,Inundation Boundary (25JUN2011 00 00 00 Value_0).tif
26/06/11,3.75,Inundation Boundary (26JUN2011 00 00 00 Value_0).tif
27/06/11,3.39,Inundation Boundary (27JUN2011 00 00 00 Value_0).tif
28/06/11,3.355,Inundation Boundary (28JUN2011 00 00 00 Value_0).tif
29/06/11,4.14,Inundation Boundary (29JUN2011 00 00 00 Value_0).tif
30/06/11,4.14,Inundation Boundary (30JUN2011 00 00 00 Value_0).tif
01/07/11,4.52,Inundation Boundary (01JUL2011 00 00 00 Value_0).tif
02/07/11,4.055,Inundation Boundary (02JUL2011 00 00 00 Value_0).tif
03/07/11,3.65,Inundation Boundary (03JUL2011 00 00 00 Value_0).tif
04/07/11,3.47,Inundation Boundary (04JUL2011 00 00 00 Value_0).tif
05/07/11,3.34,Inundation Boundary (05JUL2011 00 00 00 Value_0).tif
06/07/11,3.24,Inundation Boundary (06JUL2011 00 00 00 Value_0).tif
07/07/11,3.26,Inundation Boundary (07JUL2011 00 00 00 Value_0).tif
08/07/11,3.25,Inundation Boundary (08JUL2011 00 00 00 Value_0).tif
09/07/11,3.33,Inundation Boundary (09JUL2011 00 00 00 Value_0).tif
10/07/11,3.3,Inundation Boundary (10JUL2011 00 00 00 Value_0).tif
11/07/11,3.45,Inundation Boundary (11JUL2011 00 00 00 Value_0).tif
12/07/11,3.285,Inundation Boundary (12JUL2011 00 00 00 Value_0).tif
13/07/11,3.345,Inundation Boundary (13JUL2011 00 00 00 Value_0).tif
14/07/11,3.24,Inundation Boundary (14JUL2011 00 00 00 Value_0).tif
15/07/11,3.405,Inundation Boundary (15JUL2011 00 00 00 Value_0).tif
16/07/11,3.99,Inundation Boundary (16JUL2011 00 00 00 Value_0).tif
17/07/11,4.93,Inundation Boundary (17JUL2011 00 00 00 Value_0).tif
18/07/11,5.17,Inundation Boundary (18JUL2011 00 00 00 Value_0).tif
19/07/11,5.11,Inundation Boundary (19JUL2011 00 00 00 Value_0).tif
20/07/11,4.62,Inundation Boundary (20JUL2011 00 00 00 Value_0).tif
21/07/11,4.77,Inundation Boundary (21JUL2011 00 00 00 Value_0).tif
22/07/11,5.13,Inundation Boundary (22JUL2011 00 00 00 Value_0).tif
23/07/11,8.66,Inundation Boundary (23JUL2011 00 00 00 Value_0).tif
24/07/11,9.5,Inundation Boundary (24JUL2011 00 00 00 Value_0).tif
25/07/11,7.46,Inundation Boundary (25JUL2011 00 00 00 Value_0).tif
26/07/11,6.275,Inundation Boundary (26JUL2011 00 00 00 Value_0).tif
27/07/11,5.525,Inundation Boundary (27JUL2011 00 00 00 Value_0).tif
28/07/11,4.815,Inundation Boundary (28JUL2011 00 00 00 Value_0).tif
29/07/11,4.35,Inundation Boundary (29JUL2011 00 00 00 Value_0).tif
30/07/11,4.57,Inundation Boundary (30JUL2011 00 00 00 Value_0).tif
31/07/11,4.66,Inundation Boundary (31JUL2011 00 00 00 Value_0).tif
01/08/11,4.425,Inundation Boundary (01AUG2011 00 00 00 Value_0).tif
02/08/11,4.69,Inundation Boundary (02AUG2011 00 00 00 Value_0).tif
03/08/11,4.5,Inundation Boundary (03AUG2011 00 00 00 Value_0).tif
04/08/11,4.5,Inundation Boundary (04AUG2011 00 00 00 Value_0).tif
05/08/11,4.835,Inundation Boundary (05AUG2011 00 00 00 Value_0).tif
06/08/11,4.915,Inundation Boundary (06AUG2011 00 00 00 Value_0).tif
07/08/11,5.38,Inundation Boundary (07AUG2011 00 00 00 Value_0).tif
08/08/11,5.485,Inundation Boundary (08AUG2011 00 00 00 Value_0).tif
09/08/11,7.82,Inundation Boundary (09AUG2011 00 00 00 Value_0).tif
10/08/11,7.79,Inundation Boundary (10AUG2011 00 00 00 Value_0).tif
11/08/11,7.045,Inundation Boundary (11AUG2011 00 00 00 Value_0).tif
12/08/11,6.15,Inundation Boundary (12AUG2011 00 00 00 Value_0).tif
13/08/11,5.72,Inundation Boundary (13AUG2011 00 00 00 Value_0).tif
14/08/11,6.24,Inundation Boundary (14AUG2011 00 00 00 Value_0).tif
15/08/11,6.27,Inundation Boundary (15AUG2011 00 00 00 Value_0).tif
16/08/11,6.38,Inundation Boundary (16AUG2011 00 00 00 Value_0).tif
17/08/11,6.32,Inundation Boundary (17AUG2011 00 00 00 Value_0).tif
18/08/11,6.2,Inundation Boundary (18AUG2011 00 00 00 Value_0).tif
19/08/11,5.64,Inundation Boundary (19AUG2011 00 00 00 Value_0).tif
20/08/11,4.725,Inundation Boundary (20AUG2011 00 00 00 Value_0).tif
21/08/11,5.08,Inundation Boundary (21AUG2011 00 00 00 Value_0).tif
22/08/11,6.2,Inundation Boundary (22AUG2011 00 00 00 Value_0).tif
23/08/11,6.225,Inundation Boundary (23AUG2011 00 00 00 Value_0).tif
24/08/11,5.21,Inundation Boundary (24AUG2011 00 00 00 Value_0).tif
25/08/11,4.565,Inundation Boundary (25AUG2011 00 00 00 Value_0).tif
26/08/11,4.26,Inundation Boundary (26AUG2011 00 00 00 Value_0).tif
27/08/11,4.525,Inundation Boundary (27AUG2011 00 00 00 Value_0).tif
28/08/11,4.8,Inundation Boundary (28AUG2011 00 00 00 Value_0).tif
29/08/11,6.71,Inundation Boundary (29AUG2011 00 00 00 Value_0).tif
30/08/11,6.46,Inundation Boundary (30AUG2011 00 00 00 Value_0).tif
31/08/11,5.84,Inundation Boundary (31AUG2011 00 00 00 Value_0).tif
01/09/11,5.2,Inundation Boundary (01SEP2011 00 00 00 Value_0).tif
02/09/11,5.8,Inundation Boundary (02SEP2011 00 00 00 Value_0).tif
03/09/11,6.765,Inundation Boundary (03SEP2011 00 00 00 Value_0).tif
04/09/11,5.87,Inundation Boundary (04SEP2011 00 00 00 Value_0).tif
05/09/11,5.6,Inundation Boundary (05SEP2011 00 00 00 Value_0).tif
06/09/11,6.395,Inundation Boundary (06SEP2011 00 00 00 Value_0).tif
07/09/11,6.64,Inundation Boundary (07SEP2011 00 00 00 Value_0).tif
08/09/11,6.825,Inundation Boundary (08SEP2011 00 00 00 Value_0).tif
09/09/11,9.105,Inundation Boundary (09SEP2011 00 00 00 Value_0).tif
10/09/11,9.07,Inundation Boundary (10SEP2011 00 00 00 Value_0).tif
11/09/11,7.18,Inundation Boundary (11SEP2011 00 00 00 Value_0).tif
12/09/11,8.56,Inundation Boundary (12SEP2011 00 00 00 Value_0).tif
13/09/11,7.85,Inundation Boundary (13SEP2011 00 00 00 Value_0).tif
14/09/11,6.645,Inundation Boundary (14SEP2011 00 00 00 Value_0).tif
15/09/11,5.695,Inundation Boundary (15SEP2011 00 00 00 Value_0).tif
16/09/11,5.795,Inundation Boundary (16SEP2011 00 00 00 Value_0).tif
17/09/11,6.365,Inundation Boundary (17SEP2011 00 00 00 Value_0).tif
18/09/11,6.6,Inundation Boundary (18SEP2011 00 00 00 Value_0).tif
19/09/11,5.915,Inundation Boundary (19SEP2011 00 00 00 Value_0).tif
20/09/11,6.17,Inundation Boundary (20SEP2011 00 00 00 Value_0).tif
21/09/11,6.2,Inundation Boundary (21SEP2011 00 00 00 Value_0).tif
22/09/11,5.495,Inundation Boundary (22SEP2011 00 00 00 Value_0).tif
23/09/11,5.035,Inundation Boundary (23SEP2011 00 00 00 Value_0).tif
24/09/11,4.79,Inundation Boundary (24SEP2011 00 00 00 Value_0).tif
25/09/11,4.55,Inundation Boundary (25SEP2011 00 00 00 Value_0).tif
26/09/11,4.1,Inundation Boundary (26SEP2011 00 00 00 Value_0).tif
27/09/11,3.8,Inundation Boundary (27SEP2011 00 00 00 Value_0).tif
28/09/11,3.71,Inundation Boundary (28SEP2011 00 00 00 Value_0).tif
29/09/11,3.655,Inundation Boundary (29SEP2011 00 00 00 Value_0).tif
30/09/11,3.61,Inundation Boundary (30SEP2011 00 00 00 Value_0).tif
01/06/12,2.22,Inundation Boundary (01JUN2012 00 00 00 Value_0).tif
02/06/12,2.22,Inundation Boundary (02JUN2012 00 00 00 Value_0).tif
03/06/12,2.22,Inundation Boundary (03JUN2012 00 00 00 Value_0).tif
04/06/12,2.16,Inundation Boundary (04JUN2012 00 00 00 Value_0).tif
05/06/12,2.14,Inundation Boundary (05JUN2012 00 00 00 Value_0).tif
06/06/12,2.13,Inundation Boundary (06JUN2012 00 00 00 Value_0).tif
07/06/12,2.13,Inundation Boundary (07JUN2012 00 00 00 Value_0).tif
08/06/12,2.13,Inundation Boundary (08JUN2012 00 00 00 Value_0).tif
09/06/12,2.14,Inundation Boundary (09JUN2012 00 00 00 Value_0).tif
10/06/12,2.15,Inundation Boundary (10JUN2012 00 00 00 Value_0).tif
11/06/12,2.13,Inundation Boundary (11JUN2012 00 00 00 Value_0).tif
12/06/12,2.16,Inundation Boundary (12JUN2012 00 00 00 Value_0).tif
13/06/12,2.21,Inundation Boundary (13JUN2012 00 00 00 Value_0).tif
14/06/12,2.22,Inundation Boundary (14JUN2012 00 00 00 Value_0).tif
15/06/12,2.21,Inundation Boundary (15JUN2012 00 00 00 Value_0).tif
16/06/12,2.26,Inundation Boundary (16JUN2012 00 00 00 Value_0).tif
17/06/12,2.27,Inundation Boundary (17JUN2012 00 00 00 Value_0).tif
18/06/12,2.28,Inundation Boundary (18JUN2012 00 00 00 Value_0).tif
19/06/12,2.33,Inundation Boundary (19JUN2012 00 00 00 Value_0).tif
20/06/12,2.38,Inundation Boundary (20JUN2012 00 00 00 Value_0).tif
21/06/12,2.34,Inundation Boundary (21JUN2012 00 00 00 Value_0).tif
22/06/12,2.32,Inundation Boundary (22JUN2012 00 00 00 Value_0).tif
23/06/12,2.31,Inundation Boundary (23JUN2012 00 00 00 Value_0).tif
24/06/12,2.44,Inundation Boundary (24JUN2012 00 00 00 Value_0).tif
25/06/12,2.47,Inundation Boundary (25JUN2012 00 00 00 Value_0).tif
26/06/12,2.41,Inundation Boundary (26JUN2012 00 00 00 Value_0).tif
27/06/12,2.37,Inundation Boundary (27JUN2012 00 00 00 Value_0).tif
28/06/12,2.35,Inundation Boundary (28JUN2012 00 00 00 Value_0).tif
29/06/12,2.35,Inundation Boundary (29JUN2012 00 00 00 Value_0).tif
30/06/12,2.33,Inundation Boundary (30JUN2012 00 00 00 Value_0).tif
01/07/12,2.32,Inundation Boundary (01JUL2012 00 00 00 Value_0).tif
02/07/12,2.39,Inundation Boundary (02JUL2012 00 00 00 Value_0).tif
03/07/12,2.44,Inundation Boundary (03JUL2012 00 00 00 Value_0).tif
04/07/12,2.38,Inundation Boundary (04JUL2012 00 00 00 Value_0).tif
05/07/12,2.34,Inundation Boundary (05JUL2012 00 00 00 Value_0).tif
06/07/12,2.3,Inundation Boundary (06JUL2012 00 00 00 Value_0).tif
07/07/12,2.27,Inundation Boundary (07JUL2012 00 00 00 Value_0).tif
08/07/12,2.31,Inundation Boundary (08JUL2012 00 00 00 Value_0).tif
09/07/12,2.33,Inundation Boundary (09JUL2012 00 00 00 Value_0).tif
10/07/12,3.24,Inundation Boundary (10JUL2012 00 00 00 Value_0).tif
11/07/12,3.98,Inundation Boundary (11JUL2012 00 00 00 Value_0).tif
12/07/12,3.62,Inundation Boundary (12JUL2012 00 00 00 Value_0).tif
13/07/12,3.235,Inundation Boundary (13JUL2012 00 00 00 Value_0).tif
14/07/12,2.96,Inundation Boundary (14JUL2012 00 00 00 Value_0).tif
15/07/12,2.87,Inundation Boundary (15JUL2012 00 00 00 Value_0).tif
16/07/12,2.88,Inundation Boundary (16JUL2012 00 00 00 Value_0).tif
17/07/12,3.05,Inundation Boundary (17JUL2012 00 00 00 Value_0).tif
18/07/12,2.88,Inundation Boundary (18JUL2012 00 00 00 Value_0).tif
19/07/12,2.84,Inundation Boundary (19JUL2012 00 00 00 Value_0).tif
20/07/12,2.82,Inundation Boundary (20JUL2012 00 00 00 Value_0).tif
21/07/12,2.76,Inundation Boundary (21JUL2012 00 00 00 Value_0).tif
22/07/12,2.72,Inundation Boundary (22JUL2012 00 00 00 Value_0).tif
23/07/12,2.79,Inundation Boundary (23JUL2012 00 00 00 Value_0).tif
24/07/12,4.25,Inundation Boundary (24JUL2012 00 00 00 Value_0).tif
25/07/12,4.06,Inundation Boundary (25JUL2012 00 00 00 Value_0).tif
26/07/12,3.81,Inundation Boundary (26JUL2012 00 00 00 Value_0).tif
27/07/12,4.25,Inundation Boundary (27JUL2012 00 00 00 Value_0).tif
28/07/12,7.35,Inundation Boundary (28JUL2012 00 00 00 Value_0).tif
29/07/12,5.9,Inundation Boundary (29JUL2012 00 00 00 Value_0).tif
30/07/12,4.575,Inundation Boundary (30JUL2012 00 00 00 Value_0).tif
31/07/12,5.14,Inundation Boundary (31JUL2012 00 00 00 Value_0).tif
01/08/12,5,Inundation Boundary (01AUG2012 00 00 00 Value_0).tif
02/08/12,4.6,Inundation Boundary (02AUG2012 00 00 00 Value_0).tif
03/08/12,4.29,Inundation Boundary (03AUG2012 00 00 00 Value_0).tif
04/08/12,3.77,Inundation Boundary (04AUG2012 00 00 00 Value_0).tif
05/08/12,3.6,Inundation Boundary (05AUG2012 00 00 00 Value_0).tif
06/08/12,10.46,Inundation Boundary (06AUG2012 00 00 00 Value_0).tif
07/08/12,13.55,Inundation Boundary (07AUG2012 00 00 00 Value_0).tif
08/08/12,9.91,Inundation Boundary (08AUG2012 00 00 00 Value_0).tif
09/08/12,6.925,Inundation Boundary (09AUG2012 00 00 00 Value_0).tif
10/08/12,5.15,Inundation Boundary (10AUG2012 00 00 00 Value_0).tif
11/08/12,7.27,Inundation Boundary (11AUG2012 00 00 00 Value_0).tif
12/08/12,10.16,Inundation Boundary (12AUG2012 00 00 00 Value_0).tif
13/08/12,7.79,Inundation Boundary (13AUG2012 00 00 00 Value_0).tif
14/08/12,7.38,Inundation Boundary (14AUG2012 00 00 00 Value_0).tif
15/08/12,6.35,Inundation Boundary (15AUG2012 00 00 00 Value_0).tif
16/08/12,5.5,Inundation Boundary (16AUG2012 00 00 00 Value_0).tif
17/08/12,5.23,Inundation Boundary (17AUG2012 00 00 00 Value_0).tif
18/08/12,5.75,Inundation Boundary (18AUG2012 00 00 00 Value_0).tif
19/08/12,4.9,Inundation Boundary (19AUG2012 00 00 00 Value_0).tif
20/08/12,4.72,Inundation Boundary (20AUG2012 00 00 00 Value_0).tif
21/08/12,8.16,Inundation Boundary (21AUG2012 00 00 00 Value_0).tif
22/08/12,9.5,Inundation Boundary (22AUG2012 00 00 00 Value_0).tif
23/08/12,6.49,Inundation Boundary (23AUG2012 00 00 00 Value_0).tif
24/08/12,5.92,Inundation Boundary (24AUG2012 00 00 00 Value_0).tif
25/08/12,6.84,Inundation Boundary (25AUG2012 00 00 00 Value_0).tif
26/08/12,5.46,Inundation Boundary (26AUG2012 00 00 00 Value_0).tif
27/08/12,4.92,Inundation Boundary (27AUG2012 00 00 00 Value_0).tif
28/08/12,5.9,Inundation Boundary (28AUG2012 00 00 00 Value_0).tif
29/08/12,4.95,Inundation Boundary (29AUG2012 00 00 00 Value_0).tif
30/08/12,5.5,Inundation Boundary (30AUG2012 00 00 00 Value_0).tif
31/08/12,5.48,Inundation Boundary (31AUG2012 00 00 00 Value_0).tif
01/09/12,5.08,Inundation Boundary (01SEP2012 00 00 00 Value_0).tif
02/09/12,5.13,Inundation Boundary (02SEP2012 00 00 00 Value_0).tif
03/09/12,4.87,Inundation Boundary (03SEP2012 00 00 00 Value_0).tif
04/09/12,5.22,Inundation Boundary (04SEP2012 00 00 00 Value_0).tif
05/09/12,4.57,Inundation Boundary (05SEP2012 00 00 00 Value_0).tif
06/09/12,10,Inundation Boundary (06SEP2012 00 00 00 Value_0).tif
07/09/12,6.5,Inundation Boundary (07SEP2012 00 00 00 Value_0).tif
08/09/12,5.35,Inundation Boundary (08SEP2012 00 00 00 Value_0).tif
09/09/12,5.54,Inundation Boundary (09SEP2012 00 00 00 Value_0).tif
10/09/12,5.3,Inundation Boundary (10SEP2012 00 00 00 Value_0).tif
11/09/12,6.6,Inundation Boundary (11SEP2012 00 00 00 Value_0).tif
12/09/12,5.74,Inundation Boundary (12SEP2012 00 00 00 Value_0).tif
13/09/12,5.58,Inundation Boundary (13SEP2012 00 00 00 Value_0).tif
14/09/12,5.35,Inundation Boundary (14SEP2012 00 00 00 Value_0).tif
15/09/12,5,Inundation Boundary (15SEP2012 00 00 00 Value_0).tif
16/09/12,4.56,Inundation Boundary (16SEP2012 00 00 00 Value_0).tif
17/09/12,4.56,Inundation Boundary (17SEP2012 00 00 00 Value_0).tif
18/09/12,4.5,Inundation Boundary (18SEP2012 00 00 00 Value_0).tif
19/09/12,4.12,Inundation Boundary (19SEP2012 00 00 00 Value_0).tif
20/09/12,3.84,Inundation Boundary (20SEP2012 00 00 00 Value_0).tif
21/09/12,4,Inundation Boundary (21SEP2012 00 00 00 Value_0).tif
22/09/12,4.34,Inundation Boundary (22SEP2012 00 00 00 Value_0).tif
23/09/12,4.36,Inundation Boundary (23SEP2012 00 00 00 Value_0).tif
24/09/12,3.88,Inundation Boundary (24SEP2012 00 00 00 Value_0).tif
25/09/12,3.72,Inundation Boundary (25SEP2012 00 00 00 Value_0).tif
26/09/12,3.64,Inundation Boundary (26SEP2012 00 00 00 Value_0).tif
27/09/12,3.64,Inundation Boundary (27SEP2012 00 00 00 Value_0).tif
28/09/12,3.54,Inundation Boundary (28SEP2012 00 00 00 Value_0).tif
29/09/12,3.49,Inundation Boundary (29SEP2012 00 00 00 Value_0).tif
30/09/12,3.46,Inundation Boundary (30SEP2012 00 00 00 Value_0).tif